# Time (s),Vertical acceleration (m/s²),Lateral acceleration (m/s²),Roll rate (rad/s),Pitch rate (rad/s),Yaw rate (rad/s),Vertical orientation (zenith) (rad),Air temperature (K),Air pressure (Pa)
0,0,0,0,0,0,1.501,308.964,9.139e4
0.009,0,0,0,0,0,1.501,308.964,9.139e4
0.019,49.17,4.083,0,0,0,1.501,308.964,9.139e4
0.029,107.596,8.167,0,0,0,1.501,308.963,9.139e4
0.039,166.122,11.616,0,0,0,1.501,308.963,9.139e4
0.044,195.382,13.662,0,0,0,1.501,308.963,9.139e4
0.051,191.219,13.371,0,0,0,1.501,308.963,9.139e4
0.063,184.824,12.924,0,0,0,1.501,308.963,9.139e4
0.073,188.143,13.156,0,0,0,1.501,308.963,9.139e4
0.078,189.804,13.272,0,0,0,1.501,308.963,9.139e4
0.086,186.056,13.01,0,0,0,1.501,308.962,9.139e4
0.094,181.803,12.713,0,0,0,1.501,308.962,9.139e4
0.104,184.925,12.931,0,0,0,1.501,308.962,9.139e4
0.109,186.488,13.041,0,0,0,1.501,308.961,9.139e4
0.117,183.558,12.836,0,0,0,1.501,308.961,9.139e4
0.125,180.233,12.603,0,0,0,1.501,308.96,9.139e4
0.135,180.93,12.652,0,0,0,1.501,308.96,9.139e4
0.147,181.769,12.711,0,0,0,1.501,308.959,9.139e4
0.157,181.549,12.695,0,0,0,1.501,308.958,9.139e4
0.167,181.328,12.68,0,0,0,1.501,308.957,9.139e4
0.177,181.106,12.664,0,0,0,1.501,308.956,9.139e4
0.187,180.883,12.649,0,0,0,1.501,308.955,9.138e4
0.194,180.727,12.638,0,0,0,1.501,308.954,9.138e4
0.204,181.403,12.685,0,0,0,1.501,308.953,9.138e4
0.214,182.08,12.732,0,0,0,1.501,308.952,9.138e4
0.224,182.758,12.78,0,0,0,1.501,308.951,9.138e4
0.234,183.43,12.915,0,0,0,1.501,308.95,9.138e4
0.249,184.45,12.969,0,0.003,-1.74e-7,1.501,308.948,9.138e4
0.272,185.981,13.075,0,0.009,-3.943e-7,1.501,308.944,9.137e4
0.305,188.28,13.28,0,0.019,-2.195e-6,1.5,308.939,9.137e4
0.35,191.334,13.59,0,0.034,-3.708e-6,1.499,308.93,9.136e4
0.4,197.797,14.541,0,0.053,-9.603e-6,1.497,308.919,9.134e4
0.428,201.43,15.107,0,0.064,-1.393e-5,1.495,308.912,9.134e4
0.47,203.955,15.889,0,0.083,-1.557e-5,1.492,308.901,9.132e4
0.52,206.945,17.117,0,0.107,-2.914e-5,1.488,308.885,9.131e4
0.563,209.497,18.47,0,0.129,-3.497e-5,1.482,308.871,9.129e4
0.613,211.697,20.334,0,0.155,-7.473e-5,1.475,308.852,9.127e4
0.663,213.827,22.797,0,0.175,-2.367e-4,1.467,308.832,9.125e4
0.694,215.105,24.617,0,0.179,-0.006,1.462,308.818,9.123e4
0.74,216.547,27.106,0,-0.173,-4.753e-4,1.453,308.796,9.121e4
0.79,218.07,29.741,0,-0.151,-2.627e-4,1.445,308.771,9.118e4
0.84,219.596,32.111,0,-0.112,-1.937e-4,1.439,308.744,9.115e4
0.891,221.199,33.768,0,-0.056,-1.492e-4,1.434,308.715,9.112e4
0.941,222.948,34.294,0,0.007,-1.591e-4,1.433,308.684,9.109e4
0.988,224.749,33.731,8.589e-9,0.063,-1.577e-4,1.435,308.653,9.105e4
1.038,226.064,32.147,1.214e-8,0.104,-2.053e-4,1.439,308.618,9.101e4
1.088,227.404,30.021,8.922e-9,0.113,-0.04,1.445,308.582,9.097e4
1.138,228.689,27.875,1.363e-8,-0.104,4.29e-6,1.451,308.543,9.093e4
1.188,229.853,26.223,-1.086e-8,-0.059,4.57e-5,1.455,308.503,9.088e4
1.238,230.825,25.762,1.639e-8,0.004,5.011e-5,1.456,308.46,9.084e4
1.266,231.27,26.153,1.189e-8,0.04,4.423e-5,1.455,308.435,9.081e4
1.308,232.23,27.571,9.721e-9,0.082,1.025e-4,1.453,308.397,9.077e4
1.358,233.187,29.989,2.388e-8,-0.103,-1.406e-4,1.448,308.35,9.072e4
1.408,233.952,32.725,1.426e-8,-0.071,-7.591e-5,1.444,308.276,9.064e4
1.458,234.768,33.501,-3.762e-8,-0.007,-8.728e-5,1.442,308.14,9.049e4
1.491,235.277,33.075,-3.424e-8,0.032,-1.208e-4,1.442,308.047,9.039e4
1.541,234.379,31.481,-5.964e-8,0.069,-1.064e-4,1.445,307.903,9.023e4
1.581,233.83,29.627,-6.051e-8,-0.07,4.452e-5,1.448,307.781,9.01e4
1.631,231.094,27.179,-5.286e-8,-0.021,2.793e-5,1.45,307.626,8.994e4
1.641,230.512,26.875,-5.377e-8,-0.004,3.448e-5,1.45,307.595,8.99e4
1.656,230.053,26.829,-5.785e-8,0.023,3.98e-5,1.45,307.547,8.985e4
1.679,229.218,27.553,-5.16e-8,0.059,2.57e-5,1.449,307.474,8.977e4
1.684,229,27.814,-5.16e-8,0.066,3.135e-5,1.449,307.456,8.975e4
1.692,227.502,28.11,-5.179e-8,0.074,3.118e-5,1.448,307.429,8.973e4
1.705,225.244,28.569,-5.163e-8,0.082,-3.618e-5,1.447,307.388,8.968e4
1.716,223.166,28.941,-5.156e-8,0.086,-2.306e-4,1.446,307.35,8.964e4
1.733,222.065,29.772,-5.15e-8,-0.084,-1.982e-4,1.445,307.293,8.958e4
1.759,220.48,30.853,-4.653e-8,-0.066,-8.721e-5,1.443,307.206,8.949e4
1.784,218.973,31.417,-3.793e-8,-0.035,-8.224e-5,1.442,307.119,8.939e4
1.822,215.322,30.704,-3.185e-8,0.017,-8.538e-5,1.441,306.986,8.925e4
1.872,210.796,28.412,-6.496e-8,0.044,4.922e-4,1.443,306.806,8.906e4
1.922,206.264,26.12,0,-0.025,7.45e-5,1.445,306.622,8.886e4
1.938,204.789,25.548,0,-0.007,5.427e-5,1.445,306.562,8.879e4
1.962,202.905,25.56,1.414e-8,0.023,3.526e-5,1.445,306.471,8.87e4
1.998,199.927,26.851,5.612e-9,-0.042,-0.001,1.444,306.332,8.855e4
2.048,195.885,27.719,-1.956e-8,-0.013,-2.208e-4,1.442,306.136,8.834e4
2.098,192.063,26.605,-4.482e-8,0.027,-3.113e-4,1.443,305.935,8.812e4
2.138,189.059,24.98,-5.321e-8,-0.032,-2.635e-4,1.444,305.771,8.795e4
2.188,187.08,23.557,-1.154e-7,0.004,2.915e-5,1.445,305.563,8.772e4
2.238,184.753,24.713,-1.126e-7,0.038,-8.679e-4,1.443,305.35,8.749e4
2.288,182.46,25.31,-1.243e-7,-0.028,-2.048e-4,1.442,305.133,8.726e4
2.338,180.194,25.579,-1.083e-7,-0.008,-2.812e-5,1.441,304.911,8.702e4
2.388,178.087,24.926,-7.855e-8,0.015,1.388e-5,1.441,304.686,8.678e4
2.438,176.049,23.59,-8.861e-8,-0.015,6.333e-5,1.442,304.456,8.653e4
2.488,173.941,22.625,-1.018e-7,0.011,-7.528e-5,1.442,304.223,8.628e4
2.491,173.809,22.606,-1.018e-7,0.013,-8.948e-5,1.442,304.209,8.627e4
2.496,173.51,22.576,-1.019e-7,0.016,-8.319e-5,1.442,304.187,8.624e4
2.502,173.054,22.599,-1.018e-7,0.021,-7.344e-5,1.442,304.155,8.621e4
2.512,172.348,22.809,-1.018e-7,0.027,-4.125e-5,1.442,304.107,8.616e4
2.528,171.277,23.197,-1.029e-7,0.032,-1.893e-4,1.441,304.035,8.608e4
2.55,169.659,23.823,-1.03e-7,-0.032,-5.147e-4,1.44,303.926,8.596e4
2.585,167.292,24.223,-1.148e-7,-0.02,-2.365e-4,1.439,303.761,8.579e4
2.6,166.238,24.233,-1.136e-7,-0.012,-1.389e-4,1.439,303.685,8.571e4
2.623,160.214,23.586,-1.124e-7,0.002,-1.576e-4,1.439,303.571,8.559e4
2.658,151.245,22.018,-1.026e-7,0.022,-3.129e-4,1.44,303.399,8.541e4
2.708,138.447,18.999,-1.023e-7,-0.03,-1.274e-4,1.441,303.149,8.515e4
2.758,125.576,16.318,-1.049e-7,-0.008,1.992e-4,1.442,302.895,8.489e4
2.808,112.508,15.09,-3.616e-8,0.019,-3.4e-5,1.442,302.639,8.463e4
2.858,99.313,14.608,-4.622e-8,-0.024,-5.887e-4,1.44,302.38,8.436e4
2.908,86.152,13.626,-5.273e-8,-0.006,-7.567e-5,1.44,302.119,8.409e4
2.919,83.288,13.28,-5.237e-8,-2.445e-5,-8.927e-5,1.44,302.062,8.403e4
2.935,82.448,13.11,-4.997e-8,0.008,-2.316e-4,1.44,301.975,8.394e4
2.96,81.215,12.645,-5.148e-8,0.018,-1.721e-4,1.44,301.846,8.381e4
2.997,79.404,11.654,-5.678e-8,0.025,-0.001,1.441,301.65,8.361e4
3.022,78.18,10.913,-5.802e-8,-0.023,-3.221e-5,1.441,301.517,8.347e4
3.06,71.614,9.487,-5.657e-8,-0.009,-1.044e-4,1.442,301.316,8.326e4
3.11,62.784,8.48,-6.643e-8,0.013,-6.635e-5,1.442,301.047,8.299e4
3.138,57.737,8.226,-6.077e-8,0.022,-1.962e-4,1.441,300.894,8.283e4
3.181,50.894,7.962,-5.967e-8,-0.026,-0.003,1.44,300.664,8.259e4
3.231,42.84,7.814,-7.752e-8,-0.017,-4.709e-4,1.439,300.393,8.231e4
3.281,34.882,7.066,-1.555e-7,0.009,-1.547e-4,1.439,300.12,8.203e4
3.3,31.828,6.474,-1.577e-7,0.018,-1.107e-4,1.439,300.014,8.192e4
3.329,24.59,4.866,-1.525e-7,0.027,-1.627e-4,1.44,299.854,8.176e4
3.373,13.777,2.245,-1.405e-7,-0.024,5.471e-5,1.441,299.614,8.151e4
3.388,10.075,1.411,-1.409e-7,-0.018,1.614e-5,1.441,299.532,8.143e4
3.41,7.072,0.777,-1.426e-7,-0.006,1.328e-4,1.442,299.408,8.13e4
3.441,2.936,0.453,-1.498e-7,0.011,3.003e-4,1.442,299.241,8.113e4
3.487,1.68,1.168,-1.373e-7,0.026,5.489e-4,1.441,298.99,8.087e4
3.537,0.289,2.103,-1.249e-7,-0.02,3.461e-5,1.439,298.715,8.06e4
3.544,0.093,2.195,-1.249e-7,-0.017,2.015e-7,1.439,298.676,8.056e4
3.555,-0.699,2.187,-1.241e-7,-0.012,-2.708e-5,1.439,298.616,8.05e4
3.571,-1.867,2.011,-1.229e-7,-0.005,3.495e-5,1.439,298.527,8.042e4
3.595,-3.591,1.57,-1.204e-7,0.005,1.324e-4,1.439,298.394,8.028e4
3.609,-4.548,1.295,-1.195e-7,0.009,2.342e-4,1.439,298.319,8.021e4
3.629,-9.364,0.399,-1.215e-7,0.014,3.449e-4,1.439,298.207,8.01e4
3.66,-16.559,1.047,-1.199e-7,-0.016,0.002,1.44,298.039,7.993e4
3.688,-23.138,2.361,-1.194e-7,-0.012,4.5e-4,1.44,297.886,7.978e4
3.73,-25.917,3.048,-1.072e-7,0.002,7.058e-4,1.441,297.656,7.955e4
3.778,-29.16,3.167,-1.518e-7,0.018,9.449e-4,1.44,297.394,7.93e4
3.819,-31.864,2.77,-1.451e-7,-0.022,0.002,1.439,297.17,7.907e4
3.853,-35.395,2.612,-1.37e-7,-0.014,6.023e-4,1.439,296.985,7.889e4
3.897,-43.217,3.757,-1.465e-7,0.004,6.249e-4,1.438,296.747,7.866e4
3.947,-48.992,5.611,-1.267e-7,-0.009,9.366e-4,1.439,296.476,7.839e4
3.981,-52.95,6.497,-1.208e-7,1.302e-4,7.928e-4,1.439,296.293,7.821e4
3.997,-53.619,6.644,-1.213e-7,0.006,7.959e-4,1.439,296.207,7.812e4
4.021,-53.43,6.489,-1.155e-7,0.014,9.908e-4,1.439,296.078,7.8e4
4.057,-53.183,5.996,-1.123e-7,0.02,0.004,1.438,295.886,7.78e4
4.107,-52.864,5.154,-9.165e-8,-0.013,8.32e-4,1.437,295.619,7.754e4
4.157,-52.425,5.282,-3.39e-8,0.004,6.511e-4,1.437,295.354,7.728e4
4.207,-51.881,6.28,-3.763e-8,-0.002,-1.42e-4,1.437,295.09,7.702e4
4.257,-51.515,5.9,-1.884e-8,0.008,-7.227e-4,1.437,294.827,7.676e4
4.307,-51.152,5.563,-2.205e-8,-0.01,-0.002,1.436,294.565,7.65e4
4.357,-50.807,5.151,-7.34e-9,-0.003,-5.202e-4,1.436,294.304,7.625e4
4.407,-50.414,5.124,-2.685e-8,0.01,-2.619e-4,1.436,294.045,7.601e4
4.457,-49.974,5.483,-2.301e-8,-0.015,-0.001,1.437,293.787,7.576e4
4.507,-49.561,5.669,-1.685e-8,-0.012,3.245e-4,1.438,293.529,7.552e4
4.557,-49.122,6.142,-3.305e-8,0.004,2.268e-4,1.438,293.273,7.528e4
4.607,-48.802,5.735,1.081e-8,0.022,9.106e-5,1.437,293.019,7.503e4
4.657,-48.511,5.165,0,-0.026,-8.331e-4,1.436,292.765,7.479e4
4.707,-48.217,4.647,-1.362e-8,-0.015,-2.838e-4,1.435,292.512,7.455e4
4.757,-47.917,4.155,-3.795e-8,0.012,-2.246e-4,1.435,292.261,7.432e4
4.807,-47.44,5.009,-4.958e-8,0.03,1.441e-4,1.436,292.01,7.408e4
4.857,-46.966,5.89,-4.91e-8,-0.021,1.125e-4,1.437,291.761,7.384e4
4.907,-46.545,6.409,-5.186e-8,0.014,-1.274e-4,1.437,291.513,7.361e4
4.957,-46.323,5.433,-1.816e-8,0.041,-2.274e-4,1.436,291.265,7.337e4
5.007,-46.152,4.141,-2.774e-8,-0.033,-2.219e-4,1.434,291.019,7.314e4
5.057,-45.865,3.74,-4.686e-8,0.002,-1.049e-4,1.433,290.774,7.291e4
5.107,-45.409,4.58,-3.55e-8,0.026,-3.947e-4,1.434,290.53,7.268e4
5.157,-44.993,5.121,-3.805e-8,-0.028,2.423e-4,1.435,290.287,7.245e4
5.207,-44.588,5.653,-3.016e-8,-0.01,9.306e-5,1.436,290.045,7.222e4
5.257,-44.266,5.644,-3.48e-8,0.02,2.73e-4,1.436,289.804,7.2e4
5.307,-44.102,4.47,-5.586e-8,-0.03,-1.126e-4,1.435,289.564,7.178e4
5.357,-43.896,3.659,-4.787e-8,-0.007,-1.492e-4,1.434,289.325,7.156e4
5.407,-43.535,3.998,-4.019e-8,0.022,-1.249e-4,1.434,289.087,7.134e4
5.457,-43.107,4.849,-2.035e-8,-0.029,9.365e-6,1.436,288.851,7.113e4
5.507,-42.695,5.658,-2.42e-8,-0.005,-1.237e-4,1.436,288.615,7.092e4
5.557,-42.412,5.545,3.209e-8,0.032,-2.508e-5,1.436,288.38,7.07e4
5.607,-42.264,4.448,3.493e-8,-0.048,0.002,1.434,288.146,7.049e4
5.657,-42.12,3.386,7.319e-8,-0.027,1.916e-4,1.432,287.913,7.028e4
5.707,-41.877,3.005,2.219e-7,0.02,6.023e-5,1.431,287.681,7.007e4
5.757,-41.422,4.16,2.889e-7,0.051,0.001,1.433,287.45,6.986e4
5.807,-40.931,5.684,2.641e-7,-0.03,2.874e-4,1.436,287.219,6.965e4
5.857,-40.664,5.548,2.939e-7,0.017,9.944e-5,1.436,286.99,6.944e4
5.907,-40.553,4.277,3.075e-7,0.038,0.009,1.434,286.762,6.923e4
5.957,-40.425,3.206,3.327e-7,-0.019,-2.267e-4,1.433,286.535,6.903e4
6.007,-40.118,3.461,2.868e-7,0.013,-1.69e-4,1.433,286.308,6.882e4
6.057,-39.781,3.906,2.89e-7,0.033,0.001,1.434,286.083,6.862e4
6.107,-39.373,4.951,2.656e-7,-0.022,3.477e-4,1.435,285.858,6.841e4
6.157,-39.064,5.308,3.235e-7,0.018,1.744e-4,1.436,285.634,6.821e4
6.207,-38.921,4.443,2.799e-7,0.048,0.001,1.434,285.412,6.801e4
6.257,-38.828,3.299,2.883e-7,-0.039,6.137e-4,1.432,285.19,6.782e4
6.307,-38.652,2.771,3.104e-7,5.812e-4,4.08e-4,1.43,284.969,6.762e4
6.357,-38.33,3.238,2.99e-7,0.043,8.006e-4,1.432,284.749,6.743e4
6.407,-37.863,4.842,3.329e-7,-0.037,5.912e-4,1.434,284.529,6.724e4
6.457,-37.603,4.925,3.726e-7,-1.701e-4,3.405e-4,1.435,284.311,6.705e4
6.507,-37.42,4.505,3.926e-7,0.033,2.633e-4,1.434,284.094,6.686e4
6.557,-37.302,3.65,3.977e-7,-0.04,0.001,1.432,283.877,6.667e4
6.607,-37.143,3.131,4.097e-7,-0.021,3.016e-4,1.43,283.661,6.649e4
6.657,-36.924,3.019,3.988e-7,0.012,3.737e-4,1.43,283.446,6.63e4
6.707,-36.593,3.639,3.798e-7,0.033,0.002,1.431,283.232,6.611e4
6.757,-36.243,4.438,4.098e-7,-0.022,5.436e-4,1.433,283.019,6.593e4
6.807,-35.97,4.721,4.277e-7,0.014,4.93e-4,1.433,282.806,6.574e4
6.857,-35.832,4.048,4.139e-7,0.043,0.001,1.432,282.595,6.556e4
6.907,-35.766,2.888,4.266e-7,-0.032,4.932e-4,1.43,282.384,6.538e4
6.957,-35.583,2.578,4.277e-7,0.009,4.265e-4,1.429,282.174,6.52e4
7.007,-35.234,3.431,4.126e-7,0.038,0.003,1.43,281.965,6.501e4
7.057,-34.849,4.607,4.079e-7,-0.019,6.544e-4,1.432,281.756,6.483e4
7.107,-34.636,4.565,4.359e-7,0.024,5.512e-4,1.432,281.549,6.465e4
7.157,-34.539,3.717,4.902e-7,0.051,0.004,1.43,281.342,6.447e4
7.207,-34.53,2.272,4.925e-7,-0.025,3.275e-4,1.428,281.136,6.429e4
7.257,-34.327,2.168,4.664e-7,0.035,4.903e-4,1.428,280.931,6.412e4
7.307,-33.896,3.691,5.062e-7,-0.059,0.003,1.43,280.727,6.394e4
7.357,-33.532,4.843,5.188e-7,-0.021,5.677e-4,1.433,280.523,6.377e4
7.407,-33.383,4.437,5.382e-7,0.036,5.189e-4,1.432,280.32,6.36e4
7.457,-33.387,2.956,5.693e-7,-0.048,8.143e-4,1.43,280.118,6.344e4
7.507,-33.3,2.195,6.262e-7,-0.013,1.152e-4,1.428,279.917,6.327e4
7.557,-33.071,2.387,6.394e-7,0.037,-7.412e-5,1.429,279.716,6.31e4
7.607,-32.668,3.862,6.086e-7,-0.044,1.089e-4,1.431,279.517,6.294e4
7.657,-32.381,4.556,5.765e-7,-4.514e-4,4.162e-5,1.432,279.318,6.277e4
7.707,-32.251,4.128,6.248e-7,0.051,1.221e-4,1.431,279.119,6.261e4
7.757,-32.272,2.662,6.294e-7,-0.057,-1.225e-4,1.428,278.922,6.244e4
7.807,-32.229,1.697,6.409e-7,-0.007,-1.497e-4,1.426,278.725,6.228e4
7.857,-31.95,2.325,6.444e-7,0.051,3.091e-5,1.428,278.529,6.212e4
7.907,-31.511,4.146,6.439e-7,-0.047,2.004e-4,1.43,278.333,6.195e4
7.957,-31.234,4.871,7.042e-7,0.019,1.982e-4,1.431,278.139,6.179e4
8.007,-31.227,3.654,6.962e-7,0.071,4.606e-4,1.429,277.945,6.163e4
8.057,-31.307,1.922,6.602e-7,-0.054,2.859e-5,1.425,277.752,6.147e4
8.107,-31.212,1.396,6.901e-7,0.018,1.361e-4,1.424,277.559,6.131e4
8.157,-30.822,2.87,7.676e-7,0.062,0.002,1.426,277.368,6.115e4
8.207,-30.459,4.215,8.119e-7,-0.04,3.698e-4,1.429,277.176,6.099e4
8.257,-30.205,4.88,8.175e-7,0.034,4.306e-4,1.429,276.986,6.083e4
8.307,-30.277,3.193,7.892e-7,0.082,0.003,1.426,276.796,6.068e4
8.357,-30.393,1.317,8.224e-7,-0.043,1.988e-4,1.423,276.607,6.052e4
8.407,-30.228,1.322,8.213e-7,0.04,9.556e-5,1.423,276.419,6.036e4
8.457,-29.79,3.173,8.579e-7,-0.074,0.001,1.426,276.232,6.021e4
8.507,-29.457,4.407,8.838e-7,-0.031,2.505e-4,1.429,276.045,6.006e4
8.557,-29.367,3.921,8.279e-7,0.029,3.41e-4,1.429,275.859,5.991e4
8.607,-29.355,2.928,7.983e-7,0.053,0.005,1.426,275.673,5.976e4
8.657,-29.314,2.2,8.074e-7,-0.039,7.442e-5,1.424,275.488,5.962e4
8.707,-29.241,1.666,7.845e-7,0.008,1.832e-5,1.423,275.304,5.947e4
8.757,-29.005,2.197,7.52e-7,0.054,-1.43e-4,1.425,275.12,5.932e4
8.807,-28.651,3.606,7.378e-7,-0.048,1.094e-4,1.428,274.938,5.918e4
8.857,-28.444,4.019,7.749e-7,0.002,5.339e-5,1.429,274.755,5.903e4
8.907,-28.383,3.419,7.173e-7,0.049,-1.058e-4,1.427,274.574,5.889e4
8.957,-28.425,2.12,7.148e-7,-0.049,-3.485e-4,1.425,274.393,5.875e4
9.007,-28.364,1.548,7.223e-7,-0.004,-2.818e-4,1.423,274.213,5.86e4
9.057,-28.129,2.132,7.606e-7,0.04,-4.761e-4,1.424,274.033,5.846e4
9.107,-27.803,3.377,7.653e-7,-0.037,-8.054e-5,1.427,273.854,5.832e4
9.157,-27.576,3.971,7.192e-7,0.014,-3.42e-5,1.427,273.676,5.818e4
9.207,-27.593,2.843,7.118e-7,0.049,-7.282e-4,1.425,273.498,5.804e4
9.257,-27.576,2.005,7.117e-7,-0.038,-4.541e-4,1.423,273.321,5.79e4
9.307,-27.532,1.333,6.673e-7,0.011,-2.523e-4,1.422,273.145,5.776e4
9.357,-27.271,2.115,6.924e-7,0.055,-5.738e-4,1.424,272.969,5.762e4
9.407,-26.939,3.436,6.909e-7,-0.043,-1.193e-4,1.427,272.794,5.748e4
9.457,-26.778,3.583,7.032e-7,0.003,-7.556e-5,1.428,272.619,5.734e4
9.507,-26.708,3.109,6.787e-7,0.043,-3.217e-4,1.427,272.445,5.72e4
9.557,-26.714,2.135,6.667e-7,-0.049,-8.382e-4,1.424,272.272,5.706e4
9.607,-26.7,1.316,6.899e-7,-0.008,-3.203e-4,1.423,272.099,5.692e4
9.657,-26.476,1.906,7.057e-7,0.034,-4.384e-4,1.423,271.927,5.679e4
9.707,-26.23,2.649,7.078e-7,-0.044,-0.001,1.425,271.755,5.665e4
9.757,-25.991,3.389,6.968e-7,-0.016,-2.108e-4,1.427,271.585,5.652e4
9.807,-25.841,3.536,6.444e-7,0.036,-1.539e-4,1.427,271.414,5.639e4
9.857,-25.86,2.509,6.628e-7,0.064,-0.003,1.424,271.244,5.626e4
9.907,-25.847,1.769,6.454e-7,-0.051,-5.423e-4,1.421,271.075,5.613e4
9.957,-25.786,1.337,6.199e-7,-0.006,-3.189e-4,1.419,270.907,5.6e4
10.007,-25.549,2.073,6.167e-7,0.027,-4.119e-4,1.42,270.739,5.588e4
10.057,-25.336,2.627,6.113e-7,-0.03,-2.984e-4,1.422,270.572,5.575e4
10.107,-25.152,3.006,6.216e-7,-0.007,1.917e-6,1.423,270.405,5.562e4
10.157,-25.067,2.711,6.422e-7,0.018,-5.185e-5,1.422,270.239,5.55e4
10.207,-25.046,1.989,6.462e-7,-0.017,-1.939e-4,1.421,270.073,5.537e4
10.257,-24.929,1.951,6.393e-7,-0.002,-2.476e-4,1.421,269.908,5.525e4
10.307,-24.807,1.929,6.428e-7,0.018,-3.343e-4,1.421,269.743,5.512e4
10.357,-24.558,2.712,6.523e-7,-0.013,1.025e-4,1.422,269.58,5.5e4
10.407,-24.427,2.673,6.609e-7,0.005,-1.248e-5,1.422,269.416,5.487e4
10.457,-24.251,3.007,6.57e-7,0.037,-1.784e-4,1.421,269.253,5.475e4
10.507,-24.275,1.961,6.591e-7,-0.047,-8.243e-4,1.419,269.091,5.463e4
10.557,-24.226,1.449,6.516e-7,-0.022,-3.354e-4,1.417,268.93,5.451e4
10.607,-24.117,1.303,6.634e-7,0.02,-3.57e-4,1.417,268.768,5.438e4
10.657,-23.855,2.15,6.413e-7,0.043,-0.004,1.419,268.608,5.426e4
10.707,-23.592,3.05,6.4e-7,-0.022,2.206e-5,1.421,268.448,5.414e4
10.757,-23.447,3.177,6.199e-7,0.024,-7.457e-6,1.421,268.288,5.402e4
10.807,-23.405,2.633,6.062e-7,0.063,-4.239e-4,1.418,268.129,5.39e4
10.857,-23.521,1.051,5.948e-7,-0.046,-2.99e-4,1.415,267.971,5.378e4
10.907,-23.434,0.82,5.963e-7,0.012,-1.497e-4,1.414,267.813,5.366e4
10.957,-23.157,1.784,5.896e-7,0.052,-1.265e-4,1.416,267.656,5.354e4
11.007,-22.835,3.115,6.005e-7,-0.033,2.799e-4,1.419,267.499,5.342e4
11.057,-22.689,3.274,6.215e-7,0.021,2.978e-4,1.419,267.343,5.33e4
11.107,-22.688,2.432,6.141e-7,0.059,7.071e-4,1.417,267.187,5.318e4
11.157,-22.724,1.384,6.252e-7,-0.051,1.54e-4,1.414,267.032,5.307e4
11.207,-22.679,0.881,5.884e-7,-0.007,-2.955e-6,1.412,266.877,5.296e4
11.257,-22.49,1.267,5.831e-7,0.038,3.433e-5,1.413,266.723,5.284e4
11.307,-22.223,2.152,5.974e-7,-0.052,7.895e-4,1.416,266.569,5.273e4
11.357,-21.968,3.022,5.808e-7,-0.023,3.038e-4,1.418,266.416,5.262e4
11.407,-21.825,3.176,5.513e-7,0.033,2.984e-4,1.417,266.263,5.251e4
11.457,-21.864,2.11,5.303e-7,0.065,0.001,1.415,266.111,5.24e4
11.507,-21.905,1.101,5.37e-7,-0.049,1.099e-4,1.412,265.96,5.229e4
11.557,-21.86,0.645,5.516e-7,0.002,4.909e-5,1.41,265.808,5.218e4
11.607,-21.639,1.254,5.662e-7,0.048,2.98e-4,1.412,265.658,5.207e4
11.657,-21.349,2.341,5.731e-7,-0.051,7.229e-4,1.415,265.508,5.196e4
11.707,-21.153,2.854,5.657e-7,-0.016,3.755e-4,1.416,265.358,5.186e4
11.757,-21.064,2.667,6.028e-7,0.027,3.723e-4,1.416,265.209,5.175e4
11.807,-21.054,1.989,6.242e-7,0.051,0.001,1.414,265.06,5.164e4
11.857,-21.054,1.279,6.226e-7,-0.041,1.768e-4,1.411,264.912,5.153e4
11.907,-21.01,0.875,6.326e-7,-0.007,8.352e-5,1.41,264.764,5.143e4
11.957,-20.884,0.986,6.605e-7,0.033,1.478e-4,1.411,264.617,5.132e4
12.007,-20.695,1.483,6.512e-7,0.059,6.316e-4,1.413,264.47,5.121e4
12.057,-20.439,2.481,6.464e-7,-0.048,4.068e-4,1.416,264.324,5.111e4
12.107,-20.267,2.966,6.658e-7,3.824e-5,3.117e-4,1.417,264.178,5.1e4
12.157,-20.24,2.469,6.518e-7,0.047,4.701e-4,1.416,264.033,5.09e4
12.207,-20.252,1.766,6.558e-7,0.065,0.004,1.413,263.888,5.079e4
12.257,-20.224,1.383,6.507e-7,-0.06,3.999e-4,1.41,263.743,5.069e4
12.307,-20.23,0.765,6.461e-7,-0.03,2.772e-5,1.408,263.599,5.058e4
12.357,-20.137,0.757,6.792e-7,0.014,-5.996e-6,1.407,263.456,5.048e4
12.407,-19.956,1.273,6.755e-7,0.045,2.749e-4,1.409,263.313,5.038e4
12.457,-19.745,1.996,6.765e-7,-0.045,5.758e-4,1.411,263.17,5.027e4
12.507,-19.583,2.442,6.927e-7,-0.019,2.847e-4,1.413,263.028,5.017e4
12.557,-19.464,2.637,7.018e-7,0.024,2.257e-4,1.413,262.886,5.007e4
12.607,-19.488,1.894,6.804e-7,0.054,4.233e-4,1.411,262.745,4.996e4
12.657,-19.514,1.187,6.802e-7,-0.05,8.123e-5,1.408,262.604,4.986e4
12.707,-19.46,1.008,6.905e-7,-0.026,-1.167e-6,1.406,262.464,4.976e4
12.757,-19.358,1.119,6.909e-7,-0.001,6.942e-5,1.405,262.324,4.967e4
12.807,-19.241,1.334,6.875e-7,0.015,1.432e-4,1.406,262.184,4.957e4
12.857,-19.135,1.487,6.888e-7,0.024,7.032e-4,1.407,262.045,4.947e4
12.907,-18.978,1.988,6.884e-7,-0.015,3.4e-4,1.408,261.907,4.938e4
12.957,-18.914,1.894,6.926e-7,0.002,3.461e-4,1.408,261.769,4.928e4
13.007,-18.858,1.776,6.862e-7,0.016,4.776e-4,1.408,261.631,4.919e4
13.057,-18.832,1.468,6.865e-7,-0.02,0.001,1.407,261.494,4.909e4
13.107,-18.775,1.369,6.849e-7,-0.015,3.209e-4,1.406,261.357,4.9e4
13.157,-18.707,1.341,6.828e-7,-0.008,1.388e-4,1.405,261.22,4.89e4
13.207,-18.673,1.088,6.812e-7,0.006,1.181e-4,1.405,261.084,4.881e4
13.257,-18.551,1.389,6.809e-7,0.017,4.972e-4,1.406,260.949,4.872e4
13.307,-18.445,1.596,6.803e-7,-0.016,5.792e-4,1.407,260.814,4.862e4
13.357,-18.358,1.688,6.797e-7,-0.008,3.314e-4,1.407,260.679,4.853e4
13.407,-18.252,1.922,6.897e-7,0.008,3.026e-4,1.407,260.545,4.844e4
13.457,-18.2,1.818,6.929e-7,0.027,3.616e-4,1.407,260.411,4.834e4
13.507,-18.193,1.437,6.878e-7,-0.008,0.034,1.405,260.277,4.825e4
13.557,-18.174,1.15,6.877e-7,-0.029,8.81e-5,1.403,260.144,4.816e4
13.607,-18.14,0.952,6.864e-7,-0.012,3.773e-6,1.402,260.012,4.807e4
13.657,-18.082,0.889,6.831e-7,0.011,-6.41e-5,1.402,259.879,4.798e4
13.707,-17.949,1.284,6.797e-7,0.026,2.113e-4,1.403,259.748,4.789e4
13.757,-17.783,1.758,6.798e-7,-0.019,2.635e-4,1.404,259.616,4.78e4
13.807,-17.698,1.63,6.758e-7,-0.005,2.208e-4,1.405,259.485,4.771e4
13.857,-17.612,1.544,6.756e-7,0.004,2.37e-4,1.405,259.355,4.762e4
13.907,-17.523,1.513,6.77e-7,0.013,2.849e-4,1.404,259.224,4.753e4
13.957,-17.471,1.251,6.78e-7,-0.015,2.361e-4,1.404,259.095,4.744e4
14.007,-17.398,1.141,6.796e-7,-0.01,1.629e-5,1.403,258.965,4.735e4
14.057,-17.315,1.105,6.764e-7,-0.002,-9.267e-6,1.403,258.836,4.726e4
14.107,-17.217,1.167,6.745e-7,0.005,6.533e-5,1.403,258.708,4.717e4
14.157,-17.099,1.37,6.738e-7,-0.006,2.801e-4,1.403,258.58,4.708e4
14.207,-16.965,1.708,6.69e-7,0.006,1.735e-4,1.403,258.452,4.699e4
14.257,-16.881,1.734,6.605e-7,0.028,2.375e-4,1.402,258.324,4.691e4
14.307,-16.895,1.148,6.633e-7,-0.035,-6.206e-5,1.401,258.197,4.682e4
14.357,-16.853,0.938,6.645e-7,-0.026,-8.504e-5,1.399,258.071,4.673e4
14.407,-16.798,0.813,6.61e-7,-0.01,-1.03e-4,1.398,257.945,4.664e4
14.457,-16.727,0.782,6.64e-7,0.008,-1.266e-4,1.398,257.819,4.656e4
14.507,-16.636,0.862,6.661e-7,0.025,-5.377e-5,1.399,257.693,4.648e4
14.557,-16.529,1.035,6.702e-7,0.036,2.269e-4,1.401,257.568,4.639e4
14.607,-16.38,1.501,6.711e-7,-0.032,2.099e-4,1.402,257.443,4.631e4
14.657,-16.255,1.844,6.776e-7,-0.01,1.232e-4,1.404,257.319,4.623e4
14.707,-16.173,1.941,6.877e-7,0.023,1.531e-4,1.403,257.195,4.615e4
14.757,-16.171,1.532,6.889e-7,0.049,1.378e-4,1.401,257.071,4.607e4
14.807,-16.204,0.944,6.86e-7,-0.053,-2.455e-4,1.399,256.948,4.599e4
14.857,-16.202,0.592,6.75e-7,-0.037,-1.331e-4,1.396,256.825,4.591e4
14.907,-16.198,0.243,6.768e-7,-0.007,-1.676e-4,1.395,256.703,4.583e4
14.957,-16.144,0.164,6.763e-7,0.033,-2.124e-4,1.396,256.581,4.574e4
15.007,-16.004,0.586,6.76e-7,0.064,-1.694e-4,1.398,256.459,4.566e4
15.057,-15.801,1.427,6.774e-7,-0.067,-1.085e-5,1.402,256.338,4.559e4
15.107,-15.643,2.035,6.716e-7,-0.038,8.214e-5,1.405,256.217,4.551e4
15.157,-15.573,2.102,6.728e-7,0.005,1.229e-4,1.405,256.096,4.543e4
15.207,-15.538,1.957,6.711e-7,0.047,1.203e-4,1.404,255.976,4.535e4
15.257,-15.552,1.533,6.711e-7,0.077,2.091e-4,1.401,255.856,4.527e4
15.307,-15.598,0.943,6.735e-7,-0.086,3.99e-4,1.397,255.736,4.519e4
15.357,-15.669,0.239,6.701e-7,-0.065,-8.909e-5,1.393,255.617,4.511e4
15.407,-15.628,0.2,6.664e-7,-0.03,-4.511e-5,1.39,255.498,4.503e4
15.457,-15.548,0.357,6.623e-7,0.002,-2.783e-5,1.39,255.38,4.496e4
15.507,-15.439,0.662,6.601e-7,0.025,5.647e-5,1.39,255.261,4.488e4
15.557,-15.318,1.04,6.615e-7,-0.032,0.004,1.392,255.144,4.48e4
15.607,-15.248,1.118,6.612e-7,-0.03,6.843e-4,1.393,255.026,4.472e4
15.657,-15.153,1.367,6.622e-7,-0.02,2.949e-4,1.395,254.909,4.465e4
15.707,-15.085,1.462,6.708e-7,-0.003,2.644e-4,1.395,254.792,4.457e4
15.757,-14.988,1.763,6.787e-7,0.024,3.115e-4,1.395,254.676,4.449e4
15.807,-14.962,1.631,6.798e-7,0.054,3.828e-4,1.393,254.56,4.442e4
15.857,-14.97,1.322,6.884e-7,0.075,6.925e-4,1.39,254.444,4.434e4
15.907,-15.024,0.768,6.893e-7,-0.076,5.998e-4,1.386,254.329,4.426e4
15.957,-15.059,0.345,6.84e-7,-0.058,1.011e-4,1.382,254.214,4.419e4
16.007,-15.072,0.046,6.887e-7,-0.025,-1.936e-5,1.38,254.099,4.411e4
16.057,-15.059,0.149,6.661e-7,0.02,-1.821e-5,1.38,253.985,4.404e4
16.107,-14.925,0.3,6.644e-7,0.058,3.788e-5,1.382,253.871,4.396e4
16.157,-14.765,0.896,6.658e-7,0.072,0.002,1.385,253.757,4.389e4
16.207,-14.658,1.214,6.637e-7,-0.068,5.257e-4,1.389,253.644,4.381e4
16.257,-14.54,1.627,6.725e-7,-0.047,2.761e-4,1.392,253.531,4.374e4
16.307,-14.48,1.708,6.625e-7,-0.016,2.309e-4,1.394,253.418,4.367e4
16.357,-14.438,1.704,6.662e-7,0.018,2.131e-4,1.394,253.306,4.359e4
16.407,-14.462,1.306,6.694e-7,0.043,2.472e-4,1.392,253.194,4.352e4
16.457,-14.458,1.104,6.628e-7,0.056,3.921e-4,1.389,253.082,4.345e4
16.507,-14.455,0.911,6.631e-7,0.061,0.005,1.386,252.971,4.338e4
16.557,-14.49,0.507,6.65e-7,-0.053,-1.432e-6,1.384,252.86,4.331e4
16.607,-14.486,0.33,6.732e-7,-0.033,-5.001e-5,1.381,252.749,4.324e4
16.657,-14.477,0.166,6.796e-7,-0.006,-5.93e-5,1.38,252.639,4.317e4
16.707,-14.438,0.146,6.789e-7,0.025,-6.356e-5,1.381,252.529,4.311e4
16.757,-14.332,0.488,6.755e-7,0.048,-9.358e-6,1.383,252.419,4.304e4
16.807,-14.206,0.947,6.769e-7,-0.054,6.819e-4,1.385,252.31,4.297e4
16.857,-14.09,1.377,6.773e-7,-0.041,2.779e-4,1.388,252.201,4.29e4
16.907,-14.031,1.49,6.818e-7,-0.017,2.699e-4,1.389,252.092,4.283e4
16.957,-13.989,1.512,6.827e-7,0.011,2.815e-4,1.389,251.984,4.276e4
17.007,-13.984,1.328,6.779e-7,0.035,3.262e-4,1.388,251.876,4.27e4
17.057,-13.976,1.171,6.779e-7,0.053,4.082e-4,1.386,251.768,4.263e4
17.107,-14.012,0.78,6.79e-7,-0.059,0.002,1.383,251.661,4.256e4
17.157,-14.061,0.332,6.78e-7,-0.048,1.861e-6,1.38,251.554,4.25e4
17.207,-14.049,0.222,6.7e-7,-0.026,-4.484e-5,1.379,251.447,4.243e4
17.257,-14.056,0.012,6.794e-7,0.004,-6.595e-5,1.378,251.34,4.236e4
17.307,-14.009,0.043,6.769e-7,0.036,-5.975e-5,1.379,251.234,4.23e4
17.357,-13.938,0.205,6.718e-7,0.064,1.415e-6,1.381,251.129,4.223e4
17.407,-13.796,0.768,6.718e-7,0.076,0.009,1.385,251.023,4.216e4
17.457,-13.643,1.435,6.752e-7,-0.063,3.358e-4,1.389,250.918,4.21e4
17.507,-13.522,1.957,6.891e-7,-0.025,2.814e-4,1.391,250.813,4.203e4
17.557,-13.491,1.943,7.087e-7,0.023,2.812e-4,1.391,250.708,4.197e4
17.607,-13.503,1.681,6.949e-7,0.066,3.321e-4,1.389,250.604,4.19e4
17.657,-13.539,1.293,7.063e-7,0.095,4.555e-4,1.385,250.5,4.184e4
17.707,-13.58,0.912,7.102e-7,0.109,0.001,1.379,250.397,4.177e4
17.757,-13.642,0.449,7.116e-7,-0.106,1.984e-4,1.374,250.293,4.171e4
17.807,-13.751,0.232,7.089e-7,-0.078,-2.229e-5,1.369,250.19,4.164e4
17.857,-13.776,0.486,7.11e-7,-0.032,-5.864e-5,1.366,250.088,4.158e4
17.907,-13.752,0.519,6.907e-7,0.019,-6.043e-5,1.366,249.985,4.151e4
17.957,-13.655,0.226,6.863e-7,0.065,-5.298e-5,1.368,249.883,4.145e4
18.007,-13.503,0.35,6.858e-7,0.093,1.182e-4,1.372,249.782,4.139e4
18.057,-13.332,1.065,6.873e-7,-0.095,5.638e-4,1.377,249.68,4.132e4
18.107,-13.186,1.703,6.875e-7,-0.068,3.249e-4,1.381,249.579,4.126e4
18.157,-13.115,1.938,6.794e-7,-0.024,3.151e-4,1.384,249.478,4.12e4
18.207,-13.098,1.866,6.943e-7,0.024,3.359e-4,1.384,249.378,4.113e4
18.257,-13.132,1.499,7.015e-7,0.063,3.846e-4,1.381,249.278,4.107e4
18.307,-13.174,1.116,6.962e-7,0.087,5.556e-4,1.378,249.178,4.101e4
18.357,-13.249,0.584,6.974e-7,-0.092,9.901e-4,1.373,249.078,4.095e4
18.407,-13.304,0.183,7.008e-7,-0.078,8.524e-5,1.369,248.979,4.088e4
18.457,-13.296,0.114,7.002e-7,-0.055,-1.964e-5,1.365,248.88,4.082e4
18.507,-13.277,0.088,6.934e-7,-0.03,-7.715e-5,1.363,248.781,4.076e4
18.557,-13.269,0.011,6.876e-7,-0.004,-8.238e-5,1.362,248.683,4.07e4
18.607,-13.267,0.143,6.864e-7,0.029,-9.361e-5,1.363,248.585,4.064e4
18.657,-13.156,0.253,6.838e-7,0.054,-5.049e-7,1.365,248.487,4.058e4
18.707,-13.062,0.569,6.878e-7,0.066,4.586e-4,1.368,248.389,4.053e4
18.757,-12.967,0.905,6.871e-7,-0.064,5.373e-4,1.371,248.292,4.047e4
18.807,-12.862,1.315,6.917e-7,-0.047,3.368e-4,1.374,248.195,4.041e4
18.857,-12.772,1.666,6.832e-7,-0.013,3.113e-4,1.376,248.099,4.035e4
18.907,-12.764,1.564,6.927e-7,0.024,3.033e-4,1.376,248.002,4.03e4
18.957,-12.766,1.421,6.868e-7,0.057,3.546e-4,1.374,247.906,4.024e4
19.007,-12.796,1.132,6.872e-7,0.082,4.521e-4,1.37,247.811,4.018e4
19.057,-12.838,0.798,6.909e-7,0.094,0.001,1.366,247.715,4.012e4
19.107,-12.916,0.307,6.907e-7,-0.089,1.138e-4,1.361,247.62,4.007e4
19.157,-12.953,0.039,6.874e-7,-0.069,-3.776e-5,1.357,247.525,4.001e4
19.207,-12.945,0.021,6.878e-7,-0.042,-7.817e-5,1.354,247.431,3.996e4
19.257,-12.951,0.15,6.912e-7,-0.012,-8.914e-5,1.353,247.337,3.99e4
19.307,-12.913,0.091,6.912e-7,0.019,-6.242e-5,1.353,247.243,3.984e4
19.357,-12.823,0.201,6.959e-7,0.044,6.807e-6,1.355,247.149,3.979e4
19.407,-12.73,0.515,6.942e-7,0.056,4.706e-4,1.357,247.056,3.973e4
19.457,-12.624,0.904,6.938e-7,-0.053,6e-4,1.36,246.963,3.968e4
19.507,-12.56,1.101,6.94e-7,-0.039,4.259e-4,1.362,246.87,3.962e4
19.557,-12.487,1.353,6.987e-7,-0.015,3.797e-4,1.364,246.777,3.957e4
19.607,-12.484,1.243,7.008e-7,0.011,3.951e-4,1.364,246.685,3.951e4
19.657,-12.482,1.138,6.98e-7,0.034,4.427e-4,1.363,246.593,3.946e4
19.707,-12.514,0.865,6.962e-7,0.049,6.559e-4,1.36,246.502,3.94e4
19.757,-12.525,0.71,6.982e-7,0.056,0.001,1.358,246.41,3.935e4
19.807,-12.536,0.559,6.982e-7,-0.056,0.001,1.355,246.319,3.929e4
19.857,-12.535,0.474,6.991e-7,-0.052,2.823e-4,1.352,246.229,3.924e4
19.907,-12.558,0.273,6.993e-7,-0.042,7.807e-6,1.35,246.138,3.919e4
19.957,-12.585,0.057,7.001e-7,-0.023,-3.034e-5,1.348,246.048,3.913e4
20.007,-12.549,0.123,6.995e-7,-0.003,-6.516e-5,1.348,245.958,3.908e4
20.057,-12.539,0.064,6.985e-7,0.018,-8.813e-5,1.348,245.868,3.903e4
20.107,-12.48,0.222,6.996e-7,0.037,-4.068e-5,1.349,245.779,3.897e4
20.157,-12.404,0.466,6.993e-7,0.047,2.856e-4,1.351,245.69,3.892e4
20.207,-12.34,0.653,6.996e-7,-0.048,0.001,1.354,245.601,3.887e4
20.257,-12.288,0.792,7.004e-7,-0.043,4.559e-4,1.356,245.513,3.881e4
20.307,-12.242,0.908,6.997e-7,-0.032,3.416e-4,1.358,245.425,3.876e4
20.357,-12.218,0.92,7.034e-7,-0.018,2.999e-4,1.359,245.337,3.871e4
20.407,-12.176,1.026,7.035e-7,-0.002,2.783e-4,1.36,245.249,3.866e4
20.457,-12.174,0.935,7.001e-7,0.014,2.831e-4,1.359,245.162,3.861e4
20.507,-12.152,0.946,6.991e-7,0.03,2.931e-4,1.358,245.075,3.855e4
20.557,-12.171,0.759,6.994e-7,0.041,3.83e-4,1.357,244.988,3.85e4
20.607,-12.18,0.627,7e-7,0.047,6.195e-4,1.354,244.901,3.845e4
20.657,-12.214,0.375,7e-7,-0.045,-1.323e-6,1.352,244.815,3.84e4
20.707,-12.202,0.351,7.007e-7,-0.037,-1.123e-4,1.35,244.729,3.835e4
20.757,-12.194,0.305,7.015e-7,-0.028,-1.632e-4,1.348,244.644,3.83e4
20.807,-12.175,0.311,7.032e-7,-0.019,-2.18e-4,1.347,244.558,3.825e4
20.857,-12.149,0.345,7.037e-7,-0.01,-2.744e-4,1.346,244.473,3.82e4
20.907,-12.121,0.386,7.024e-7,-0.003,-2.796e-4,1.346,244.388,3.814e4
20.957,-12.081,0.485,7.022e-7,0.001,-2.61e-4,1.346,244.304,3.809e4
21.007,-12.061,0.484,7.022e-7,0.003,-2.711e-4,1.346,244.219,3.804e4
21.057,-12.044,0.477,7.024e-7,0.006,-3.132e-4,1.346,244.135,3.799e4
21.107,-11.999,0.598,7.024e-7,-0.005,3.849e-4,1.347,244.052,3.795e4
21.157,-11.979,0.605,7.027e-7,-0.003,3.674e-4,1.347,243.968,3.79e4
21.207,-11.927,0.761,7.018e-7,0.004,3.679e-4,1.347,243.885,3.785e4
21.257,-11.902,0.796,7.003e-7,0.013,3.703e-4,1.346,243.802,3.781e4
21.307,-11.873,0.851,6.99e-7,0.026,3.682e-4,1.345,243.72,3.776e4
21.357,-11.883,0.727,6.975e-7,0.036,4.445e-4,1.344,243.637,3.771e4
21.407,-11.884,0.646,6.966e-7,0.043,5.343e-4,1.342,243.555,3.767e4
21.457,-11.901,0.496,6.97e-7,-0.045,0.001,1.34,243.473,3.762e4
21.507,-11.91,0.387,6.967e-7,-0.042,-1.26e-5,1.338,243.392,3.757e4
21.557,-11.924,0.259,6.964e-7,-0.034,-1.087e-4,1.336,243.31,3.753e4
21.607,-11.919,0.209,6.975e-7,-0.022,-1.496e-4,1.334,243.229,3.748e4
21.657,-11.869,0.358,6.994e-7,-0.014,-2.487e-4,1.333,243.149,3.744e4
21.707,-11.865,0.303,6.982e-7,-0.007,-2.424e-4,1.333,243.068,3.739e4
21.757,-11.865,0.228,6.979e-7,0.003,-2.487e-4,1.333,242.988,3.735e4
21.807,-11.867,0.142,6.994e-7,0.015,-2.748e-4,1.333,242.908,3.73e4
21.857,-11.827,0.232,6.987e-7,0.027,-2.717e-4,1.334,242.829,3.726e4
21.907,-11.806,0.241,6.994e-7,0.038,-3.348e-4,1.336,242.749,3.721e4
21.957,-11.752,0.398,6.982e-7,0.044,-4.596e-4,1.338,242.67,3.717e4
22.007,-11.683,0.628,6.977e-7,-0.043,2.324e-4,1.34,242.591,3.712e4
22.057,-11.611,0.884,6.977e-7,-0.032,3.022e-4,1.342,242.513,3.708e4
22.107,-11.572,0.988,7.001e-7,-0.014,3.091e-4,1.343,242.434,3.703e4
22.157,-11.518,1.171,7.027e-7,0.009,3.172e-4,1.343,242.356,3.699e4
22.207,-11.483,1.261,7.03e-7,0.038,3.284e-4,1.342,242.279,3.695e4
22.257,-11.498,1.12,6.997e-7,0.066,3.384e-4,1.34,242.201,3.69e4
22.307,-11.526,0.925,6.974e-7,0.087,3.766e-4,1.336,242.124,3.686e4
22.357,-11.571,0.662,6.974e-7,0.099,5.244e-4,1.331,242.047,3.681e4
22.407,-11.605,0.468,6.978e-7,-0.103,0.005,1.326,241.97,3.677e4
22.457,-11.657,0.203,6.973e-7,-0.097,-1.381e-4,1.321,241.894,3.673e4
22.507,-11.714,0.068,6.983e-7,-0.081,-2.022e-4,1.316,241.818,3.668e4
22.557,-11.734,0.187,6.984e-7,-0.058,-2.219e-4,1.313,241.742,3.664e4
22.607,-11.726,0.199,6.983e-7,-0.032,-2.486e-4,1.311,241.666,3.66e4
22.657,-11.735,0.292,6.961e-7,-0.004,-2.453e-4,1.31,241.591,3.656e4
22.707,-11.718,0.288,6.928e-7,0.025,-2.548e-4,1.31,241.516,3.651e4
22.757,-11.675,0.195,6.944e-7,0.052,-2.474e-4,1.312,241.441,3.647e4
22.807,-11.615,0.036,6.968e-7,0.074,-2.463e-4,1.315,241.366,3.643e4
22.857,-11.511,0.304,6.959e-7,0.086,-1.159e-4,1.319,241.292,3.639e4
22.907,-11.417,0.625,6.955e-7,-0.086,4.493e-4,1.324,241.218,3.635e4
22.957,-11.346,0.861,6.945e-7,-0.074,3.508e-4,1.328,241.144,3.63e4
23.007,-11.283,1.073,6.96e-7,-0.054,3.199e-4,1.331,241.071,3.626e4
23.057,-11.239,1.208,6.987e-7,-0.027,3.149e-4,1.333,240.997,3.622e4
23.107,-11.23,1.186,6.988e-7,0.003,3.205e-4,1.334,240.924,3.618e4
23.157,-11.247,1.045,6.987e-7,0.029,3.475e-4,1.333,240.852,3.614e4
23.207,-11.259,0.93,6.985e-7,0.05,3.672e-4,1.331,240.779,3.61e4
23.257,-11.3,0.691,6.988e-7,0.065,4.371e-4,1.328,240.707,3.606e4
23.307,-11.327,0.523,6.989e-7,0.073,6.46e-4,1.324,240.635,3.602e4
23.357,-11.344,0.403,6.989e-7,-0.074,0.002,1.321,240.563,3.598e4
23.407,-11.352,0.326,6.989e-7,-0.072,-8.882e-6,1.317,240.492,3.593e4
23.457,-11.339,0.337,6.996e-7,-0.069,-1.517e-4,1.314,240.421,3.589e4
23.507,-11.35,0.252,6.993e-7,-0.064,-2.616e-4,1.31,240.35,3.585e4
23.557,-11.377,0.104,6.976e-7,-0.054,-2.732e-4,1.307,240.279,3.581e4
23.607,-11.382,0.044,6.98e-7,-0.041,-2.718e-4,1.305,240.209,3.577e4
23.657,-11.383,0.009,6.975e-7,-0.025,-2.869e-4,1.303,240.139,3.573e4
23.707,-11.37,0.007,6.976e-7,-0.009,-3.009e-4,1.302,240.069,3.57e4
23.757,-11.344,0.048,6.979e-7,0.006,-2.927e-4,1.302,239.999,3.566e4
23.807,-11.311,0.12,7.001e-7,0.019,-2.869e-4,1.303,239.93,3.562e4
23.857,-11.261,0.255,7.008e-7,0.028,-2.622e-4,1.304,239.861,3.558e4
23.907,-11.22,0.361,7.009e-7,0.031,-1.389e-4,1.306,239.792,3.554e4
23.957,-11.188,0.429,7.01e-7,-0.032,5.582e-4,1.307,239.723,3.55e4
24.007,-11.151,0.524,7.013e-7,-0.029,3.848e-4,1.309,239.655,3.546e4
24.057,-11.101,0.674,7.011e-7,-0.021,3.662e-4,1.31,239.587,3.542e4
24.107,-11.066,0.765,7.011e-7,-0.008,3.621e-4,1.311,239.519,3.539e4
24.157,-11.046,0.796,7.029e-7,0.007,3.643e-4,1.311,239.452,3.535e4
24.207,-11.04,0.77,7.031e-7,0.022,3.636e-4,1.31,239.384,3.531e4
24.257,-11.047,0.695,7.035e-7,0.035,3.584e-4,1.309,239.317,3.528e4
24.307,-11.057,0.607,7.025e-7,0.045,3.82e-4,1.307,239.25,3.524e4
24.357,-11.065,0.533,7.025e-7,0.052,3.896e-4,1.304,239.184,3.521e4
24.407,-11.06,0.514,7.028e-7,0.058,3.422e-4,1.301,239.118,3.517e4
24.457,-11.084,0.38,7.025e-7,-0.061,0.001,1.298,239.051,3.514e4
24.507,-11.116,0.223,7.022e-7,-0.057,-2.823e-4,1.295,238.986,3.51e4
24.557,-11.119,0.178,7.025e-7,-0.05,-3.118e-4,1.293,238.92,3.506e4
24.607,-11.108,0.181,7.022e-7,-0.042,-3.584e-4,1.29,238.855,3.503e4
24.657,-11.094,0.196,7.017e-7,-0.035,-3.921e-4,1.289,238.79,3.499e4
24.707,-11.084,0.196,7.009e-7,-0.028,-4.043e-4,1.287,238.725,3.496e4
24.757,-11.083,0.161,7.011e-7,-0.02,-3.979e-4,1.286,238.661,3.493e4
24.807,-11.064,0.19,7.013e-7,-0.012,-3.965e-4,1.285,238.596,3.489e4
24.857,-11.039,0.239,7.008e-7,-0.006,-4.032e-4,1.285,238.532,3.486e4
24.907,-11.034,0.217,7.013e-7,-2.586e-4,-4.007e-4,1.284,238.469,3.482e4
24.957,-11.018,0.233,7.008e-7,0.005,-4.033e-4,1.285,238.405,3.479e4
25.007,-10.994,0.277,7.008e-7,0.01,-4.158e-4,1.285,238.342,3.475e4
25.057,-10.966,0.336,7.008e-7,0.012,-4.825e-4,1.285,238.279,3.472e4
25.107,-10.946,0.366,7.008e-7,-0.012,-6.79e-5,1.286,238.216,3.469e4
25.157,-10.942,0.34,7.008e-7,0.013,-6.782e-4,1.287,238.154,3.465e4
25.207,-10.923,0.365,7.008e-7,-0.013,-6.745e-6,1.287,238.091,3.462e4
25.257,-10.91,0.371,7.007e-7,-0.012,1.381e-4,1.288,238.029,3.459e4
25.307,-10.877,0.454,7.011e-7,-0.009,3.166e-4,1.288,237.968,3.455e4
25.357,-10.854,0.498,7.009e-7,-0.004,3.344e-4,1.289,237.906,3.452e4
25.407,-10.816,0.601,7.001e-7,0.004,3.326e-4,1.289,237.845,3.449e4
25.457,-10.799,0.625,6.999e-7,0.014,3.188e-4,1.288,237.784,3.445e4
25.507,-10.785,0.64,6.995e-7,0.025,3.162e-4,1.287,237.723,3.442e4
25.557,-10.793,0.572,6.991e-7,0.035,3.076e-4,1.286,237.663,3.439e4
25.607,-10.788,0.558,6.99e-7,0.044,2.972e-4,1.284,237.602,3.436e4
25.657,-10.798,0.486,6.992e-7,0.051,2.613e-4,1.282,237.542,3.433e4
25.707,-10.804,0.431,6.996e-7,0.056,1.859e-4,1.279,237.483,3.429e4
25.757,-10.798,0.423,7e-7,0.06,1.381e-4,1.276,237.423,3.426e4
25.807,-10.81,0.349,7e-7,0.062,-0.001,1.273,237.364,3.423e4
25.857,-10.813,0.312,7e-7,-0.062,-0.001,1.27,237.305,3.42e4
25.907,-10.844,0.178,6.996e-7,-0.058,-5.28e-4,1.267,237.246,3.417e4
25.957,-10.864,0.085,7.005e-7,-0.05,-4.747e-4,1.264,237.187,3.413e4
26.007,-10.851,0.102,7.013e-7,-0.041,-4.759e-4,1.262,237.129,3.41e4
26.057,-10.868,0.02,7.012e-7,-0.03,-4.612e-4,1.26,237.071,3.407e4
26.107,-10.843,0.071,7.006e-7,-0.019,-4.628e-4,1.259,237.013,3.404e4
26.157,-10.82,0.114,7.002e-7,-0.01,-4.533e-4,1.258,236.956,3.401e4
26.207,-10.791,0.178,7.003e-7,-0.003,-4.565e-4,1.258,236.899,3.398e4
26.257,-10.77,0.214,7.003e-7,0.002,-4.473e-4,1.258,236.841,3.395e4
26.307,-10.757,0.225,7.001e-7,0.006,-4.525e-4,1.258,236.785,3.392e4
26.357,-10.733,0.27,6.999e-7,0.009,-4.7e-4,1.258,236.728,3.389e4
26.407,-10.703,0.336,6.999e-7,-0.009,3.666e-4,1.259,236.672,3.386e4
26.457,-10.676,0.395,6.998e-7,-0.007,4.226e-4,1.259,236.616,3.383e4
26.507,-10.655,0.432,6.994e-7,-0.003,4.277e-4,1.259,236.56,3.38e4
26.557,-10.636,0.465,6.994e-7,0.002,4.272e-4,1.259,236.504,3.377e4
26.607,-10.622,0.48,6.991e-7,0.008,4.177e-4,1.259,236.449,3.374e4
26.657,-10.611,0.487,6.986e-7,0.015,4.153e-4,1.259,236.394,3.371e4
26.707,-10.618,0.435,6.985e-7,0.021,4.072e-4,1.258,236.339,3.368e4
26.757,-10.623,0.389,6.985e-7,0.025,4.074e-4,1.256,236.285,3.365e4
26.807,-10.606,0.418,6.986e-7,0.03,3.998e-4,1.255,236.23,3.362e4
26.857,-10.612,0.372,6.987e-7,0.033,3.666e-4,1.253,236.176,3.359e4
26.907,-10.61,0.35,6.987e-7,0.036,3.16e-4,1.252,236.122,3.356e4
26.957,-10.626,0.271,6.987e-7,-0.036,-6.869e-4,1.25,236.069,3.353e4
27.007,-10.631,0.232,6.987e-7,-0.035,-5.462e-4,1.248,236.015,3.351e4
27.057,-10.628,0.215,6.99e-7,-0.032,-5.402e-4,1.247,235.962,3.348e4
27.107,-10.595,0.294,6.99e-7,0.03,-0.005,1.245,235.909,3.345e4
27.157,-10.584,0.306,6.99e-7,0.031,-2.977e-4,1.243,235.857,3.342e4
27.207,-10.578,0.297,6.99e-7,0.031,-0.001,1.242,235.804,3.339e4
27.257,-10.56,0.331,6.99e-7,0.032,1.718e-4,1.24,235.752,3.336e4
27.307,-10.54,0.368,6.99e-7,0.034,3.101e-4,1.239,235.7,3.334e4
27.357,-10.538,0.35,6.989e-7,0.037,2.789e-4,1.237,235.649,3.331e4
27.407,-10.543,0.313,6.988e-7,0.039,3.369e-5,1.235,235.597,3.328e4
27.457,-10.535,0.314,6.989e-7,0.04,1.283e-4,1.233,235.546,3.325e4
27.507,-10.531,0.303,6.989e-7,0.041,2.984e-5,1.231,235.495,3.323e4
27.557,-10.546,0.236,6.989e-7,-0.04,-6.927e-4,1.229,235.444,3.32e4
27.607,-10.52,0.292,6.989e-7,0.04,6.861e-5,1.227,235.394,3.317e4
27.657,-10.504,0.316,6.989e-7,0.04,4.847e-4,1.225,235.344,3.315e4
27.707,-10.481,0.365,6.989e-7,0.043,5.476e-4,1.223,235.294,3.312e4
27.757,-10.49,0.317,6.991e-7,0.045,6.045e-4,1.221,235.244,3.309e4
27.807,-10.485,0.31,6.991e-7,0.046,6.704e-4,1.218,235.194,3.307e4
27.857,-10.49,0.275,6.991e-7,-0.047,8.03e-4,1.216,235.145,3.304e4
27.907,-10.509,0.201,6.991e-7,-0.045,-4.584e-4,1.214,235.096,3.301e4
27.957,-10.505,0.193,6.992e-7,-0.042,-4.625e-4,1.212,235.047,3.299e4
28.007,-10.525,0.117,6.991e-7,-0.037,-4.856e-4,1.21,234.999,3.296e4
28.057,-10.532,0.078,6.987e-7,-0.031,-4.996e-4,1.208,234.951,3.294e4
28.107,-10.519,0.095,6.987e-7,-0.023,-5.068e-4,1.207,234.902,3.291e4
28.157,-10.485,0.168,6.984e-7,-0.018,-5.047e-4,1.205,234.855,3.289e4
28.207,-10.489,0.137,6.981e-7,-0.014,-5.09e-4,1.205,234.807,3.286e4
28.257,-10.501,0.082,6.981e-7,-0.008,-5.094e-4,1.204,234.76,3.284e4
28.307,-10.499,0.067,6.983e-7,-3.994e-4,-5.081e-4,1.204,234.713,3.281e4
28.357,-10.499,0.045,6.983e-7,0.008,-5.08e-4,1.204,234.666,3.279e4
28.407,-10.473,0.094,6.984e-7,0.015,-5.115e-4,1.205,234.619,3.277e4
28.457,-10.45,0.134,6.98e-7,0.02,-4.993e-4,1.206,234.573,3.274e4
28.507,-10.418,0.2,6.981e-7,0.024,-4.337e-4,1.207,234.527,3.272e4
28.557,-10.388,0.262,6.981e-7,-0.024,0.001,1.208,234.481,3.27e4
28.607,-10.361,0.316,6.981e-7,-0.023,6.666e-4,1.209,234.435,3.267e4
28.657,-10.326,0.393,6.981e-7,-0.018,6.24e-4,1.21,234.39,3.265e4
28.707,-10.305,0.432,6.983e-7,-0.012,6.15e-4,1.211,234.345,3.263e4
28.757,-10.267,0.521,6.984e-7,-0.003,6.099e-4,1.211,234.3,3.26e4
28.807,-10.264,0.511,6.989e-7,0.008,6.11e-4,1.211,234.255,3.258e4
28.857,-10.261,0.498,6.99e-7,0.018,6.163e-4,1.21,234.21,3.256e4
28.907,-10.257,0.49,6.988e-7,0.027,6.243e-4,1.209,234.166,3.254e4
28.957,-10.246,0.502,6.989e-7,0.037,6.255e-4,1.208,234.122,3.251e4
29.007,-10.239,0.503,6.989e-7,0.048,6.241e-4,1.206,234.078,3.249e4
29.057,-10.256,0.435,6.993e-7,0.056,6.185e-4,1.203,234.035,3.247e4
29.107,-10.254,0.424,6.992e-7,0.064,6.181e-4,1.2,233.992,3.245e4
29.157,-10.263,0.382,6.991e-7,0.071,6.139e-4,1.197,233.948,3.243e4
29.207,-10.282,0.311,6.989e-7,0.075,5.846e-4,1.193,233.906,3.24e4
29.257,-10.276,0.313,6.989e-7,0.078,6.025e-4,1.189,233.863,3.238e4
29.307,-10.291,0.26,6.989e-7,0.08,5.189e-4,1.185,233.821,3.236e4
29.357,-10.285,0.262,6.988e-7,0.082,5.789e-4,1.181,233.779,3.234e4
29.407,-10.295,0.222,6.989e-7,-0.082,-0.001,1.177,233.737,3.232e4
29.457,-10.288,0.227,6.989e-7,-0.082,-0.002,1.173,233.695,3.23e4
29.507,-10.284,0.225,6.989e-7,-0.082,-9.225e-4,1.169,233.654,3.228e4
29.557,-10.29,0.198,6.988e-7,-0.081,-7.224e-4,1.165,233.612,3.225e4
29.607,-10.284,0.198,6.988e-7,-0.08,-7.188e-4,1.161,233.571,3.223e4
29.657,-10.295,0.161,6.987e-7,-0.078,-7.147e-4,1.157,233.531,3.221e4
29.707,-10.314,0.103,6.986e-7,-0.074,-7.166e-4,1.153,233.49,3.219e4
29.757,-10.334,0.044,6.984e-7,-0.068,-7.2e-4,1.149,233.45,3.217e4
29.807,-10.324,0.059,6.985e-7,-0.061,-7.339e-4,1.146,233.41,3.215e4
29.857,-10.326,0.041,6.984e-7,-0.054,-7.365e-4,1.143,233.37,3.213e4
29.907,-10.311,0.064,6.983e-7,-0.048,-7.457e-4,1.141,233.331,3.211e4
29.957,-10.303,0.07,6.983e-7,-0.042,-7.522e-4,1.138,233.291,3.209e4
30.007,-10.299,0.068,6.981e-7,-0.036,-7.601e-4,1.137,233.252,3.207e4
30.057,-10.289,0.076,6.979e-7,-0.03,-7.663e-4,1.135,233.214,3.205e4
30.107,-10.271,0.106,6.979e-7,-0.025,-7.754e-4,1.134,233.175,3.203e4
30.157,-10.239,0.163,6.981e-7,-0.021,-8.173e-4,1.132,233.137,3.201e4
30.207,-10.227,0.178,6.981e-7,-0.019,-8.601e-4,1.131,233.099,3.199e4
30.257,-10.22,0.18,6.98e-7,-0.018,-8.825e-4,1.13,233.061,3.197e4
30.307,-10.229,0.146,6.98e-7,-0.016,-8.385e-4,1.13,233.023,3.195e4
30.357,-10.228,0.133,6.981e-7,-0.013,-8.348e-4,1.129,232.986,3.194e4
30.407,-10.212,0.155,6.98e-7,-0.011,-8.563e-4,1.128,232.948,3.192e4
30.457,-10.189,0.193,6.979e-7,-0.009,-0.001,1.128,232.911,3.19e4
30.507,-10.168,0.228,6.979e-7,0.009,7.077e-4,1.127,232.875,3.188e4
30.557,-10.154,0.246,6.98e-7,0.011,7.646e-4,1.127,232.838,3.186e4
30.607,-10.148,0.245,6.98e-7,0.013,7.689e-4,1.126,232.802,3.184e4
30.657,-10.129,0.276,6.981e-7,0.015,8.075e-4,1.126,232.766,3.182e4
30.707,-10.121,0.281,6.981e-7,0.018,8.118e-4,1.125,232.73,3.181e4
30.757,-10.1,0.315,6.98e-7,0.022,8.329e-4,1.124,232.695,3.179e4
30.807,-10.071,0.368,6.978e-7,0.028,8.544e-4,1.122,232.659,3.177e4
30.857,-10.035,0.44,6.98e-7,0.036,8.7e-4,1.121,232.624,3.175e4
30.907,-10.029,0.439,6.979e-7,0.045,8.711e-4,1.119,232.589,3.173e4
30.957,-10.028,0.429,6.981e-7,0.054,8.701e-4,1.116,232.555,3.172e4
31.007,-10.029,0.414,6.978e-7,0.063,8.689e-4,1.113,232.52,3.17e4
31.057,-10.035,0.388,6.981e-7,0.071,8.616e-4,1.11,232.486,3.168e4
31.107,-10.05,0.345,6.981e-7,0.078,8.392e-4,1.106,232.452,3.166e4
31.157,-10.059,0.314,6.983e-7,0.083,8.156e-4,1.102,232.419,3.165e4
31.207,-10.04,0.343,6.98e-7,0.089,8.587e-4,1.098,232.385,3.163e4
31.257,-10.051,0.31,6.981e-7,0.094,8.294e-4,1.093,232.352,3.161e4
31.307,-10.057,0.288,6.981e-7,0.098,8.004e-4,1.089,232.319,3.16e4
31.357,-10.05,0.293,6.981e-7,0.102,8.238e-4,1.084,232.286,3.158e4
31.407,-10.058,0.268,6.982e-7,0.106,7.737e-4,1.078,232.254,3.156e4
31.457,-10.079,0.218,6.982e-7,0.108,3.721e-4,1.073,232.221,3.155e4
31.507,-10.106,0.156,6.982e-7,-0.108,-0.002,1.068,232.189,3.153e4
31.557,-10.108,0.145,6.982e-7,-0.107,-0.002,1.062,232.157,3.151e4
31.607,-10.114,0.128,6.982e-7,-0.104,-0.001,1.057,232.126,3.15e4
31.657,-10.109,0.132,6.982e-7,-0.102,-0.001,1.052,232.094,3.148e4
31.707,-10.105,0.133,6.982e-7,-0.1,-0.001,1.047,232.063,3.147e4
31.757,-10.112,0.113,6.982e-7,-0.097,-0.001,1.042,232.032,3.145e4
31.807,-10.124,0.085,6.981e-7,-0.094,-0.001,1.037,232.001,3.143e4
31.857,-10.119,0.088,6.981e-7,-0.09,-0.001,1.032,231.971,3.142e4
31.907,-10.123,0.075,6.981e-7,-0.085,-0.001,1.028,231.941,3.14e4
31.957,-10.119,0.075,6.983e-7,-0.081,-0.001,1.024,231.911,3.139e4
32.007,-10.123,0.061,6.983e-7,-0.076,-0.001,1.02,231.881,3.137e4
32.057,-10.129,0.045,6.981e-7,-0.071,-0.001,1.016,231.851,3.136e4
32.107,-10.13,0.037,6.982e-7,-0.065,-0.001,1.013,231.822,3.134e4
32.157,-10.127,0.035,6.981e-7,-0.06,-0.001,1.01,231.793,3.133e4
32.207,-10.13,0.024,6.981e-7,-0.054,-0.001,1.007,231.764,3.131e4
32.257,-10.13,0.016,6.981e-7,-0.047,-0.001,1.004,231.736,3.13e4
32.307,-10.117,0.031,6.981e-7,-0.041,-0.001,1.002,231.707,3.128e4
32.357,-10.111,0.033,6.982e-7,-0.035,-0.001,1,231.679,3.127e4
32.407,-10.093,0.055,6.983e-7,-0.03,-0.001,0.999,231.651,3.126e4
32.457,-10.061,0.099,6.983e-7,-0.026,-0.001,0.997,231.623,3.124e4
32.507,-10.053,0.104,6.983e-7,-0.024,-0.001,0.996,231.596,3.123e4
32.557,-10.048,0.104,6.982e-7,-0.021,-0.001,0.995,231.569,3.121e4
32.607,-10.026,0.131,6.982e-7,-0.019,-0.002,0.994,231.542,3.12e4
32.657,-9.999,0.17,6.982e-7,0.019,4.347e-4,0.993,231.515,3.119e4
32.707,-9.99,0.175,6.982e-7,0.019,8.297e-4,0.992,231.489,3.117e4
32.757,-9.977,0.189,6.982e-7,0.02,0.001,0.991,231.462,3.116e4
32.807,-9.964,0.202,6.982e-7,0.022,0.001,0.99,231.436,3.115e4
32.857,-9.93,0.251,6.981e-7,0.025,0.001,0.989,231.41,3.113e4
32.907,-9.923,0.255,6.981e-7,0.029,0.001,0.988,231.385,3.112e4
32.957,-9.917,0.257,6.98e-7,0.033,0.001,0.986,231.359,3.111e4
33.007,-9.907,0.266,6.98e-7,0.038,0.001,0.984,231.334,3.109e4
33.057,-9.884,0.296,6.98e-7,0.043,0.001,0.982,231.309,3.108e4
33.107,-9.882,0.292,6.979e-7,0.049,0.001,0.98,231.284,3.107e4
33.157,-9.871,0.302,6.979e-7,0.055,0.001,0.977,231.26,3.106e4
33.207,-9.877,0.285,6.979e-7,0.061,0.001,0.974,231.236,3.104e4
33.257,-9.858,0.309,6.979e-7,0.067,0.001,0.971,231.212,3.103e4
33.307,-9.852,0.311,6.98e-7,0.074,0.001,0.968,231.188,3.102e4
33.357,-9.851,0.306,6.98e-7,0.08,0.001,0.964,231.164,3.101e4
33.407,-9.853,0.294,6.979e-7,0.087,0.001,0.96,231.141,3.1e4
33.457,-9.849,0.294,6.98e-7,0.093,0.001,0.955,231.118,3.098e4
33.507,-9.832,0.314,6.979e-7,0.099,0.001,0.95,231.095,3.097e4
33.557,-9.808,0.345,6.98e-7,0.107,0.001,0.945,231.072,3.096e4
33.607,-9.823,0.315,6.979e-7,0.114,0.001,0.94,231.05,3.095e4
33.657,-9.81,0.328,6.978e-7,0.122,0.001,0.934,231.027,3.094e4
33.707,-9.804,0.33,6.979e-7,0.129,0.001,0.928,231.005,3.093e4
33.757,-9.805,0.322,6.98e-7,0.136,0.001,0.921,230.984,3.092e4
33.807,-9.801,0.321,6.982e-7,0.144,0.001,0.914,230.962,3.091e4
33.857,-9.8,0.316,6.982e-7,0.151,0.001,0.907,230.941,3.089e4
33.907,-9.829,0.27,6.982e-7,0.157,0.001,0.899,230.92,3.088e4
33.957,-9.85,0.234,6.983e-7,0.162,0.001,0.891,230.899,3.087e4
34.007,-9.864,0.21,6.983e-7,0.165,8.065e-4,0.883,230.878,3.086e4
34.057,-9.864,0.207,6.983e-7,0.169,8.139e-4,0.874,230.858,3.085e4
34.107,-9.884,0.177,6.983e-7,0.171,-4.418e-5,0.866,230.838,3.084e4
34.157,-9.909,0.141,6.982e-7,0.171,-0.011,0.857,230.818,3.083e4
34.207,-9.925,0.116,6.982e-7,-0.171,-0.008,0.849,230.798,3.082e4
34.257,-9.953,0.08,6.982e-7,-0.169,-0.004,0.84,230.778,3.081e4
34.307,-9.985,0.04,6.983e-7,-0.166,-0.003,0.832,230.759,3.08e4
34.357,-9.997,0.024,6.983e-7,-0.161,-0.003,0.824,230.74,3.079e4
34.407,-9.991,0.031,6.983e-7,-0.156,-0.003,0.816,230.721,3.078e4
34.457,-9.998,0.021,6.983e-7,-0.151,-0.003,0.808,230.702,3.077e4
34.507,-9.992,0.026,6.982e-7,-0.146,-0.003,0.801,230.684,3.076e4
34.557,-9.993,0.023,6.982e-7,-0.141,-0.003,0.793,230.666,3.075e4
34.607,-9.982,0.034,6.982e-7,-0.137,-0.003,0.786,230.648,3.075e4
34.657,-9.964,0.051,6.981e-7,-0.133,-0.003,0.78,230.63,3.074e4
34.707,-9.952,0.061,6.982e-7,-0.129,-0.003,0.773,230.613,3.073e4
34.757,-9.947,0.064,6.982e-7,-0.126,-0.003,0.767,230.596,3.072e4
34.807,-9.953,0.055,6.982e-7,-0.122,-0.003,0.761,230.579,3.071e4
34.857,-9.952,0.054,6.981e-7,-0.119,-0.003,0.755,230.562,3.07e4
34.907,-9.95,0.053,6.981e-7,-0.115,-0.003,0.749,230.545,3.069e4
34.957,-9.948,0.052,6.981e-7,-0.112,-0.003,0.743,230.529,3.068e4
35.007,-9.938,0.059,6.982e-7,-0.108,-0.003,0.737,230.513,3.068e4
35.057,-9.923,0.071,6.982e-7,-0.106,-0.004,0.732,230.497,3.067e4
35.107,-9.913,0.078,6.982e-7,-0.103,-0.004,0.727,230.481,3.066e4
35.157,-9.912,0.075,6.982e-7,-0.101,-0.004,0.722,230.466,3.065e4
35.207,-9.896,0.088,6.982e-7,-0.099,-0.004,0.717,230.451,3.065e4
35.257,-9.881,0.099,6.982e-7,-0.098,-0.006,0.712,230.436,3.064e4
35.307,-9.88,0.096,6.982e-7,-0.097,-0.006,0.707,230.421,3.063e4
35.357,-9.886,0.086,6.981e-7,-0.096,-0.005,0.702,230.407,3.062e4
35.407,-9.882,0.086,6.981e-7,-0.094,-0.005,0.697,230.392,3.062e4
35.457,-9.863,0.101,6.981e-7,-0.093,-0.01,0.693,230.378,3.061e4
35.507,-9.852,0.108,6.982e-7,0.065,-0.067,0.688,230.364,3.06e4
35.557,-9.841,0.114,6.982e-7,0.093,-0.005,0.683,230.351,3.06e4
35.607,-9.84,0.112,6.982e-7,0.093,-0.007,0.679,230.337,3.059e4
35.657,-9.816,0.131,6.982e-7,0.095,5.64e-4,0.674,230.324,3.058e4
35.707,-9.799,0.143,6.982e-7,0.096,0.001,0.669,230.311,3.058e4
35.757,-9.798,0.139,6.982e-7,0.098,0.001,0.664,230.299,3.057e4
35.807,-9.783,0.149,6.982e-7,0.1,0.002,0.659,230.286,3.056e4
35.857,-9.764,0.163,6.982e-7,0.103,0.002,0.654,230.274,3.056e4
35.907,-9.734,0.186,6.982e-7,0.107,0.002,0.649,230.262,3.055e4
35.957,-9.728,0.188,6.982e-7,0.111,0.002,0.644,230.25,3.055e4
36.007,-9.718,0.193,6.982e-7,0.116,0.002,0.638,230.238,3.054e4
36.057,-9.698,0.206,6.982e-7,0.121,0.002,0.632,230.227,3.054e4
36.107,-9.695,0.205,6.982e-7,0.126,0.002,0.626,230.216,3.053e4
36.157,-9.689,0.206,6.982e-7,0.132,0.002,0.619,230.205,3.053e4
36.207,-9.674,0.214,6.982e-7,0.137,0.003,0.613,230.194,3.052e4
36.257,-9.659,0.222,6.983e-7,0.143,0.003,0.606,230.184,3.052e4
36.307,-9.641,0.233,6.982e-7,0.15,0.003,0.598,230.174,3.051e4
36.357,-9.633,0.235,6.982e-7,0.157,0.003,0.591,230.164,3.051e4
36.407,-9.631,0.232,6.982e-7,0.164,0.003,0.583,230.154,3.05e4
36.457,-9.627,0.231,6.982e-7,0.17,0.003,0.574,230.144,3.05e4
36.507,-9.632,0.223,6.981e-7,0.177,0.003,0.566,230.135,3.049e4
36.557,-9.635,0.216,6.982e-7,0.184,0.002,0.557,230.126,3.049e4
36.607,-9.636,0.211,6.981e-7,0.19,0.002,0.547,230.117,3.048e4
36.657,-9.623,0.216,6.982e-7,0.196,0.002,0.538,230.108,3.048e4
36.707,-9.613,0.22,6.982e-7,0.203,0.003,0.528,230.1,3.047e4
36.757,-9.617,0.213,6.982e-7,0.209,0.002,0.517,230.091,3.047e4
36.807,-9.617,0.209,6.982e-7,0.216,0.002,0.507,230.083,3.047e4
36.857,-9.606,0.212,6.982e-7,0.222,0.003,0.496,230.075,3.046e4
36.907,-9.596,0.215,6.982e-7,0.229,0.003,0.484,230.068,3.046e4
36.957,-9.584,0.219,6.983e-7,0.236,0.003,0.473,230.06,3.046e4
37.007,-9.589,0.211,6.983e-7,0.243,0.003,0.461,230.053,3.045e4
37.057,-9.594,0.204,6.982e-7,0.249,0.003,0.449,230.046,3.045e4
37.107,-9.596,0.199,6.983e-7,0.256,0.003,0.436,230.04,3.045e4
37.157,-9.612,0.186,6.983e-7,0.262,0.002,0.423,230.033,3.044e4
37.207,-9.628,0.173,6.983e-7,0.267,0.002,0.41,230.027,3.044e4
37.257,-9.63,0.169,6.983e-7,0.273,0.002,0.396,230.021,3.044e4
37.307,-9.64,0.16,6.983e-7,0.277,0.002,0.382,230.015,3.043e4
37.357,-9.645,0.154,6.983e-7,0.282,0.002,0.368,230.009,3.043e4
37.407,-9.649,0.15,6.983e-7,0.286,0.002,0.354,230.004,3.043e4
37.457,-9.652,0.146,6.983e-7,0.29,0.002,0.34,229.999,3.043e4
37.507,-9.66,0.14,6.983e-7,0.294,0.001,0.325,229.994,3.042e4
37.557,-9.664,0.136,6.983e-7,0.298,0.001,0.31,229.989,3.042e4
37.607,-9.67,0.131,6.983e-7,0.302,0.001,0.295,229.985,3.042e4
37.657,-9.68,0.125,6.983e-7,0.305,6.798e-4,0.28,229.98,3.042e4
37.707,-9.685,0.122,6.983e-7,0.307,7.288e-4,0.265,229.976,3.042e4
37.757,-9.692,0.118,6.983e-7,0.31,4.958e-4,0.25,229.972,3.041e4
37.807,-9.698,0.115,6.983e-7,0.312,3.89e-4,0.234,229.969,3.041e4
37.857,-9.71,0.108,6.983e-7,0.314,-0.001,0.218,229.965,3.041e4
37.907,-9.72,0.104,6.983e-7,0.316,-0.003,0.203,229.962,3.041e4
37.957,-9.727,0.101,6.983e-7,0.317,-0.004,0.187,229.959,3.041e4
38.007,-9.736,0.098,6.983e-7,0.318,-0.006,0.171,229.956,3.041e4
38.057,-9.746,0.093,6.983e-7,0.319,-0.012,0.155,229.954,3.04e4
38.107,-9.75,0.093,6.983e-7,0.319,-0.014,0.139,229.952,3.04e4
38.157,-9.755,0.092,6.983e-7,0.319,-0.015,0.123,229.95,3.04e4
38.207,-9.763,0.089,6.983e-7,0.317,-0.036,0.107,229.948,3.04e4
38.257,-9.77,0.088,6.983e-7,0.303,-0.097,0.091,229.946,3.04e4
38.307,-9.774,0.088,6.982e-7,0.057,-0.313,0.075,229.945,3.04e4
38.357,-9.778,0.089,6.98e-7,-0.305,-0.09,0.059,229.943,3.04e4
38.407,-9.785,0.087,6.98e-7,-0.313,-0.048,0.043,229.943,3.04e4
38.457,-9.79,0.086,6.98e-7,-0.313,-0.036,0.028,229.942,3.04e4
38.507,-9.795,0.087,6.98e-7,-0.312,-0.028,0.012,229.941,3.04e4
38.557,-9.8,0.088,6.98e-7,-0.311,-0.021,-0.004,229.941,3.04e4
38.607,-9.804,0.089,6.98e-7,-0.309,-0.018,-0.019,229.941,3.04e4
38.657,-9.809,0.09,6.98e-7,-0.307,-0.015,-0.035,229.941,3.04e4
38.707,-9.813,0.09,6.98e-7,-0.305,-0.015,-0.05,229.942,3.04e4
38.757,-9.816,0.091,6.98e-7,-0.302,-0.014,-0.065,229.942,3.04e4
38.807,-9.819,0.092,6.98e-7,-0.3,-0.014,-0.08,229.943,3.04e4
38.857,-9.824,0.094,6.98e-7,-0.297,-0.012,-0.095,229.944,3.04e4
38.907,-9.828,0.096,6.98e-7,-0.294,-0.01,-0.11,229.945,3.04e4
38.957,-9.827,0.095,6.98e-7,-0.291,-0.012,-0.125,229.947,3.04e4
39.007,-9.826,0.095,6.98e-7,-0.288,-0.012,-0.139,229.949,3.04e4
39.057,-9.827,0.097,6.98e-7,-0.285,-0.012,-0.153,229.951,3.04e4
39.107,-9.825,0.096,6.98e-7,-0.282,-0.012,-0.168,229.953,3.04e4
39.157,-9.823,0.096,6.981e-7,-0.279,-0.013,-0.182,229.955,3.04e4
39.207,-9.83,0.101,6.98e-7,-0.276,-0.01,-0.195,229.958,3.041e4
39.257,-9.835,0.105,6.98e-7,-0.272,-0.008,-0.209,229.961,3.041e4
39.307,-9.837,0.107,6.98e-7,-0.269,-0.007,-0.223,229.964,3.041e4
39.357,-9.838,0.109,6.98e-7,-0.265,-0.006,-0.236,229.967,3.041e4
39.407,-9.84,0.112,6.98e-7,-0.262,-0.005,-0.249,229.971,3.041e4
39.457,-9.84,0.114,6.98e-7,-0.258,-0.005,-0.262,229.975,3.041e4
39.507,-9.842,0.117,6.98e-7,-0.254,-0.004,-0.275,229.979,3.042e4
39.557,-9.839,0.117,6.98e-7,-0.25,-0.004,-0.288,229.983,3.042e4
39.607,-7.665,7.791,6.98e-7,-0.247,-0.004,-0.3,229.987,3.042e4
39.698,-7.545,7.547,6.98e-7,-0.247,-0.007,-0.3,229.996,3.042e4
39.792,-7.405,7.455,6.98e-7,0.247,-0.004,-0.3,230.005,3.043e4
39.887,-7.306,7.111,6.98e-7,0.247,-4.876e-4,-0.3,230.016,3.043e4
39.985,-7.185,6.916,6.98e-7,0.247,4.921e-4,-0.3,230.027,3.044e4
40.086,-7.057,6.761,6.98e-7,0.247,9.958e-4,-0.3,230.039,3.045e4
40.188,-6.948,6.518,6.98e-7,0.247,0.001,-0.3,230.052,3.045e4
40.293,-6.847,6.244,6.98e-7,0.247,9.645e-4,-0.3,230.066,3.046e4
40.401,-6.735,6.026,6.98e-7,0.247,9.982e-4,-0.3,230.081,3.047e4
40.512,-6.594,5.937,6.98e-7,0.247,0.001,-0.3,230.097,3.047e4
40.624,-6.487,5.711,6.98e-7,0.247,0.001,-0.3,230.115,3.048e4
40.74,-6.355,5.581,6.98e-7,0.247,0.001,-0.3,230.133,3.049e4
40.858,-6.224,5.445,6.98e-7,0.247,0.001,-0.3,230.153,3.05e4
40.979,-6.112,5.236,6.98e-7,0.247,0.001,-0.3,230.174,3.051e4
41.103,-5.936,5.247,6.98e-7,0.247,0.001,-0.3,230.197,3.052e4
41.23,-5.815,5.066,6.98e-7,0.247,0.001,-0.3,230.221,3.053e4
41.359,-5.67,4.959,6.98e-7,0.247,0.001,-0.3,230.246,3.055e4
41.492,-5.528,4.834,6.98e-7,0.247,0.001,-0.3,230.273,3.056e4
41.628,-5.425,4.583,6.98e-7,0.247,0.001,-0.3,230.301,3.057e4
41.769,-5.265,4.491,6.98e-7,0.247,0.001,-0.3,230.332,3.059e4
41.914,-5.073,4.485,6.98e-7,0.247,0.001,-0.3,230.364,3.06e4
42.061,-4.937,4.308,6.98e-7,0.247,0.001,-0.3,230.398,3.062e4
42.214,-4.792,4.145,6.98e-7,0.247,0.001,-0.3,230.434,3.064e4
42.372,-4.591,4.127,6.98e-7,0.247,0.001,-0.3,230.473,3.066e4
42.534,-4.405,4.056,6.98e-7,0.247,0.002,-0.3,230.513,3.068e4
42.701,-4.236,3.932,6.98e-7,0.247,0.001,-0.3,230.557,3.07e4
42.874,-4.056,3.823,6.98e-7,0.247,0.001,-0.3,230.602,3.072e4
43.053,-3.855,3.762,6.98e-7,0.247,0.002,-0.3,230.651,3.075e4
43.239,-3.698,3.565,6.98e-7,0.247,0.001,-0.3,230.702,3.077e4
43.433,-3.488,3.498,6.98e-7,0.247,0.002,-0.3,230.758,3.08e4
43.636,-3.304,3.347,6.98e-7,0.247,0.001,-0.3,230.817,3.083e4
43.848,-3.133,3.135,6.98e-7,0.247,0.001,-0.3,230.88,3.086e4
44.074,-2.916,3.035,6.98e-7,0.247,0.001,-0.3,230.948,3.09e4
44.312,-2.644,3.097,6.98e-7,0.247,0.002,-0.3,231.022,3.094e4
44.557,-2.479,2.847,6.98e-7,0.247,0.002,-0.3,231.1,3.098e4
44.822,-2.28,2.663,6.98e-7,0.247,0.001,-0.3,231.185,3.102e4
45.107,-2.069,2.494,6.98e-7,0.247,0.001,-0.3,231.279,3.107e4
45.416,-1.846,2.348,6.98e-7,0.247,0.001,-0.3,231.382,3.112e4
45.751,-1.57,2.416,6.98e-7,0.247,0.002,-0.3,231.496,3.118e4
46.098,-1.356,2.335,6.98e-7,0.247,0.002,-0.3,231.616,3.124e4
46.468,-1.211,1.992,6.98e-7,0.247,0.002,-0.3,231.745,3.13e4
46.897,-1.032,1.693,6.98e-7,0.247,0.002,-0.3,231.897,3.138e4
47.397,-0.805,1.599,6.98e-7,0.247,0.002,-0.3,232.077,3.147e4
47.897,-0.63,1.456,6.98e-7,0.247,0.002,-0.3,232.259,3.157e4
48.397,-0.454,1.551,6.98e-7,0.247,0.002,-0.3,232.442,3.166e4
48.897,-0.355,1.391,6.98e-7,0.247,0.002,-0.3,232.627,3.175e4
49.397,-0.295,1.062,6.98e-7,0.247,0.002,-0.3,232.813,3.185e4
49.897,-0.235,0.759,6.98e-7,0.247,0.002,-0.3,232.999,3.194e4
50.397,-0.164,0.703,6.98e-7,0.247,0.002,-0.3,233.186,3.204e4
50.897,-0.117,0.504,6.98e-7,0.247,0.002,-0.3,233.374,3.213e4
51.397,-0.056,0.703,6.98e-7,0.247,0.002,-0.3,233.562,3.223e4
51.897,-0.031,0.577,6.98e-7,0.247,0.002,-0.3,233.75,3.232e4
52.397,-0.008,0.478,6.98e-7,0.247,0.002,-0.3,233.938,3.242e4
52.897,0.012,0.408,6.98e-7,0.247,0.002,-0.3,234.126,3.252e4
53.397,0.027,0.347,6.98e-7,0.247,0.002,-0.3,234.314,3.261e4
53.897,0.056,0.627,6.98e-7,0.247,0.002,-0.3,234.502,3.271e4
54.397,0.054,0.457,6.98e-7,0.247,0.002,-0.3,234.69,3.28e4
54.897,0.062,0.461,6.98e-7,0.247,0.002,-0.3,234.878,3.29e4
55.397,0.06,0.246,6.98e-7,0.247,0.002,-0.3,235.066,3.3e4
55.897,0.065,0.083,6.98e-7,0.247,0.002,-0.3,235.253,3.31e4
56.397,0.071,0.072,6.98e-7,0.247,0.002,-0.3,235.441,3.32e4
56.897,0.076,0.065,6.98e-7,0.247,0.002,-0.3,235.628,3.33e4
57.397,0.079,0.083,6.98e-7,0.247,0.002,-0.3,235.815,3.34e4
57.897,0.082,0.032,6.98e-7,0.247,0.002,-0.3,236.002,3.35e4
58.397,0.086,0.237,6.98e-7,0.247,0.002,-0.3,236.189,3.36e4
58.897,0.084,0.037,6.98e-7,0.247,0.002,-0.3,236.375,3.37e4
59.397,0.086,0.145,6.98e-7,0.247,0.002,-0.3,236.562,3.38e4
59.897,0.085,0.018,6.98e-7,0.247,0.002,-0.3,236.748,3.39e4
60.397,0.086,0.094,6.98e-7,0.247,0.002,-0.3,236.934,3.4e4
60.897,0.087,0.146,6.98e-7,0.247,0.002,-0.3,237.12,3.41e4
61.397,0.09,0.295,6.98e-7,0.247,0.002,-0.3,237.305,3.42e4
61.897,0.094,0.433,6.98e-7,0.247,0.002,-0.3,237.491,3.43e4
62.397,0.083,0.109,6.98e-7,0.247,0.002,-0.3,237.676,3.44e4
62.897,0.083,0.036,6.98e-7,0.247,0.002,-0.3,237.861,3.45e4
63.397,0.084,0.107,6.98e-7,0.247,0.002,-0.3,238.046,3.46e4
63.897,0.083,0.049,6.98e-7,0.247,0.002,-0.3,238.23,3.469e4
64.397,0.083,0.012,6.98e-7,0.247,0.002,-0.3,238.415,3.479e4
64.897,0.084,0.129,6.98e-7,0.247,0.002,-0.3,238.599,3.489e4
65.397,0.083,0.003,6.98e-7,0.247,0.002,-0.3,238.783,3.499e4
65.897,0.088,0.321,6.98e-7,0.247,0.001,-0.3,238.967,3.509e4
66.397,0.081,0.02,6.98e-7,0.247,0.002,-0.3,239.15,3.519e4
66.897,0.081,0.101,6.98e-7,0.247,0.002,-0.3,239.334,3.529e4
67.397,0.082,0.181,6.98e-7,0.247,0.002,-0.3,239.517,3.538e4
67.897,0.081,0.068,6.98e-7,0.247,0.002,-0.3,239.7,3.549e4
68.397,0.082,0.024,6.98e-7,0.247,0.002,-0.3,239.883,3.559e4
68.897,0.083,0.103,6.98e-7,0.247,0.002,-0.3,240.066,3.569e4
69.397,0.084,0.128,6.98e-7,0.247,0.002,-0.3,240.248,3.58e4
69.897,0.09,0.352,6.98e-7,0.247,0.002,-0.3,240.43,3.59e4
70.397,0.082,0.116,6.98e-7,0.247,0.002,-0.3,240.612,3.6e4
70.897,0.085,0.257,6.98e-7,0.247,0.001,-0.3,240.794,3.611e4
71.397,0.081,0.058,6.98e-7,0.247,0.002,-0.3,240.976,3.621e4
71.897,0.081,0.042,6.98e-7,0.247,0.002,-0.3,241.158,3.631e4
72.397,0.082,0.063,6.98e-7,0.247,0.002,-0.3,241.339,3.641e4
72.897,0.082,0.103,6.98e-7,0.247,0.002,-0.3,241.52,3.652e4
73.397,0.081,0.04,6.98e-7,0.247,0.002,-0.3,241.701,3.662e4
73.897,0.083,0.19,6.98e-7,0.247,0.002,-0.3,241.882,3.672e4
74.397,0.08,0.027,6.98e-7,0.247,0.002,-0.3,242.062,3.682e4
74.897,0.08,0.084,6.98e-7,0.247,0.002,-0.3,242.243,3.692e4
75.397,0.081,0.159,6.98e-7,0.247,0.002,-0.3,242.423,3.703e4
75.897,0.079,0.107,6.98e-7,0.247,0.002,-0.3,242.603,3.713e4
76.397,0.079,0.069,6.98e-7,0.247,0.002,-0.3,242.783,3.723e4
76.897,0.079,0.103,6.98e-7,0.247,0.002,-0.3,242.963,3.733e4
77.397,0.078,0.074,6.98e-7,0.247,0.002,-0.3,243.142,3.743e4
77.897,0.078,0.063,6.98e-7,0.247,0.002,-0.3,243.322,3.753e4
78.397,0.077,0.027,6.98e-7,0.247,0.002,-0.3,243.501,3.764e4
78.897,0.077,0.063,6.98e-7,0.247,0.002,-0.3,243.68,3.774e4
79.397,0.079,0.207,6.98e-7,0.247,0.002,-0.3,243.858,3.784e4
79.897,0.083,0.378,6.98e-7,0.247,0.001,-0.3,244.037,3.794e4
80.397,0.074,0.039,6.98e-7,0.247,0.002,-0.3,244.215,3.804e4
80.897,0.079,0.242,6.98e-7,0.247,0.002,-0.3,244.394,3.815e4
81.397,0.079,0.252,6.98e-7,0.247,0.002,-0.3,244.572,3.825e4
81.897,0.076,0.041,6.98e-7,0.247,0.002,-0.3,244.75,3.836e4
82.397,0.076,0.052,6.98e-7,0.247,0.002,-0.3,244.927,3.847e4
82.897,0.077,0.008,6.98e-7,0.247,0.002,-0.3,245.105,3.857e4
83.397,0.077,0.066,6.98e-7,0.247,0.002,-0.3,245.282,3.868e4
83.897,0.079,0.21,6.98e-7,0.247,0.002,-0.3,245.459,3.878e4
84.397,0.076,0.033,6.98e-7,0.247,0.002,-0.3,245.636,3.889e4
84.897,0.077,0.138,6.98e-7,0.247,0.002,-0.3,245.813,3.899e4
85.397,0.076,0.052,6.98e-7,0.247,0.002,-0.3,245.99,3.91e4
85.897,0.076,0.037,6.98e-7,0.247,0.002,-0.3,246.166,3.92e4
86.397,0.077,0.187,6.98e-7,0.247,0.002,-0.3,246.343,3.931e4
86.897,0.077,0.207,6.98e-7,0.247,0.002,-0.3,246.519,3.941e4
87.397,0.076,0.175,6.98e-7,0.247,0.002,-0.3,246.695,3.952e4
87.897,0.074,0.049,6.98e-7,0.247,0.002,-0.3,246.87,3.962e4
88.397,0.074,0.012,6.98e-7,0.247,0.002,-0.3,247.046,3.973e4
88.897,0.075,0.144,6.98e-7,0.247,0.002,-0.3,247.222,3.983e4
89.397,0.073,0.096,6.98e-7,0.247,0.002,-0.3,247.397,3.994e4
89.897,0.074,0.128,6.98e-7,0.247,0.002,-0.3,247.572,4.004e4
90.397,0.074,0.19,6.98e-7,0.247,0.002,-0.3,247.747,4.014e4
90.897,0.073,0.159,6.98e-7,0.247,0.002,-0.3,247.922,4.025e4
91.397,0.071,0.071,6.98e-7,0.247,0.002,-0.3,248.096,4.035e4
91.897,0.077,0.349,6.98e-7,0.247,0.002,-0.3,248.271,4.046e4
92.397,0.069,0.067,6.98e-7,0.247,0.002,-0.3,248.445,4.056e4
92.897,0.07,0.053,6.98e-7,0.247,0.002,-0.3,248.619,4.066e4
93.397,0.071,0.128,6.98e-7,0.247,0.002,-0.3,248.793,4.077e4
93.897,0.071,0.115,6.98e-7,0.247,0.002,-0.3,248.967,4.088e4
94.397,0.073,0.196,6.98e-7,0.247,0.002,-0.3,249.14,4.099e4
94.897,0.072,0.113,6.98e-7,0.247,0.002,-0.3,249.314,4.109e4
95.397,0.073,0.186,6.98e-7,0.247,0.002,-0.3,249.487,4.12e4
95.897,0.073,0.152,6.98e-7,0.247,0.002,-0.3,249.66,4.131e4
96.397,0.072,0.02,6.98e-7,0.247,0.002,-0.3,249.833,4.142e4
96.897,0.072,0.08,6.98e-7,0.247,0.002,-0.3,250.006,4.153e4
97.397,0.072,0.067,6.98e-7,0.247,0.002,-0.3,250.178,4.163e4
97.897,0.073,0.156,6.98e-7,0.247,0.002,-0.3,250.351,4.174e4
98.397,0.071,0.108,6.98e-7,0.247,0.002,-0.3,250.523,4.185e4
98.897,0.071,0.055,6.98e-7,0.247,0.002,-0.3,250.695,4.196e4
99.397,0.071,0.138,6.98e-7,0.247,0.002,-0.3,250.867,4.207e4
99.897,0.071,0.098,6.98e-7,0.247,0.002,-0.3,251.039,4.217e4
100.397,0.07,0.041,6.98e-7,0.247,0.002,-0.3,251.21,4.228e4
100.897,0.07,0.007,6.98e-7,0.247,0.002,-0.3,251.382,4.239e4
101.397,0.072,0.228,6.98e-7,0.247,0.002,-0.3,251.553,4.25e4
101.897,0.068,0.014,6.98e-7,0.247,0.002,-0.3,251.724,4.26e4
102.397,0.069,0.106,6.98e-7,0.247,0.002,-0.3,251.895,4.271e4
102.897,0.068,0.052,6.98e-7,0.247,0.002,-0.3,252.066,4.282e4
103.397,0.072,0.269,6.98e-7,0.247,0.002,-0.3,252.237,4.292e4
103.897,0.067,0.13,6.98e-7,0.247,0.002,-0.3,252.407,4.303e4
104.397,0.067,0.067,6.98e-7,0.247,0.002,-0.3,252.578,4.314e4
104.897,0.067,0.079,6.98e-7,0.247,0.002,-0.3,252.748,4.324e4
105.397,0.066,0.052,6.98e-7,0.247,0.002,-0.3,252.918,4.335e4
105.897,0.066,0.073,6.98e-7,0.247,0.002,-0.3,253.088,4.346e4
106.397,0.066,0.123,6.98e-7,0.247,0.002,-0.3,253.257,4.356e4
106.897,0.067,0.156,6.98e-7,0.247,0.002,-0.3,253.427,4.367e4
107.397,0.067,0.05,6.98e-7,0.247,0.002,-0.3,253.596,4.378e4
107.897,0.067,0.037,6.98e-7,0.247,0.002,-0.3,253.766,4.389e4
108.397,0.071,0.238,6.98e-7,0.247,0.002,-0.3,253.935,4.401e4
108.897,0.069,0.192,6.98e-7,0.247,0.002,-0.3,254.104,4.412e4
109.397,0.068,0.146,6.98e-7,0.247,0.002,-0.3,254.273,4.423e4
109.897,0.068,0.181,6.98e-7,0.247,0.002,-0.3,254.441,4.434e4
110.397,0.07,0.264,6.98e-7,0.247,0.001,-0.3,254.61,4.445e4
110.897,0.066,0.008,6.98e-7,0.247,0.002,-0.3,254.778,4.456e4
111.397,0.066,0.05,6.98e-7,0.247,0.002,-0.3,254.946,4.467e4
111.897,0.067,0.161,6.98e-7,0.247,0.002,-0.3,255.114,4.478e4
112.397,0.066,0.01,6.98e-7,0.247,0.002,-0.3,255.282,4.489e4
112.897,0.066,0.114,6.98e-7,0.247,0.002,-0.3,255.45,4.5e4
113.397,0.065,0.061,6.98e-7,0.247,0.002,-0.3,255.617,4.511e4
113.897,0.066,0.093,6.98e-7,0.247,0.002,-0.3,255.785,4.522e4
114.397,0.067,0.212,6.98e-7,0.247,0.002,-0.3,255.952,4.533e4
114.897,0.065,0.161,6.98e-7,0.247,0.002,-0.3,256.119,4.544e4
115.397,0.064,0.034,6.98e-7,0.247,0.002,-0.3,256.286,4.555e4
115.897,0.064,0.002,6.98e-7,0.247,0.002,-0.3,256.453,4.566e4
116.397,0.066,0.205,6.98e-7,0.247,0.002,-0.3,256.62,4.577e4
116.897,0.063,0.003,6.98e-7,0.247,0.002,-0.3,256.786,4.588e4
117.397,0.066,0.243,6.98e-7,0.247,0.001,-0.3,256.953,4.599e4
117.897,0.063,0.134,6.98e-7,0.247,0.002,-0.3,257.119,4.61e4
118.397,0.062,0.119,6.98e-7,0.247,0.002,-0.3,257.285,4.621e4
118.897,0.062,0.014,6.98e-7,0.247,0.002,-0.3,257.451,4.632e4
119.397,0.063,0.135,6.98e-7,0.247,0.002,-0.3,257.617,4.643e4
119.897,0.062,0.091,6.98e-7,0.247,0.002,-0.3,257.782,4.653e4
120.397,0.063,0.164,6.98e-7,0.247,0.002,-0.3,257.948,4.665e4
120.897,0.062,0.082,6.98e-7,0.247,0.002,-0.3,258.113,4.676e4
121.397,0.063,0.046,6.98e-7,0.247,0.002,-0.3,258.278,4.687e4
121.897,0.069,0.347,6.98e-7,0.247,0.001,-0.3,258.443,4.699e4
122.397,0.062,0.027,6.98e-7,0.247,0.002,-0.3,258.608,4.71e4
122.897,0.063,0.107,6.98e-7,0.247,0.002,-0.3,258.773,4.721e4
123.397,0.063,0.151,6.98e-7,0.247,0.002,-0.3,258.938,4.733e4
123.897,0.062,0.04,6.98e-7,0.247,0.002,-0.3,259.102,4.744e4
124.397,0.062,0.016,6.98e-7,0.247,0.002,-0.3,259.267,4.756e4
124.897,0.063,0.072,6.98e-7,0.247,0.002,-0.3,259.431,4.767e4
125.397,0.063,0.086,6.98e-7,0.247,0.002,-0.3,259.595,4.778e4
125.897,0.063,0.114,6.98e-7,0.247,0.002,-0.3,259.759,4.79e4
126.397,0.062,0.038,6.98e-7,0.247,0.002,-0.3,259.923,4.801e4
126.897,0.062,0.094,6.98e-7,0.247,0.002,-0.3,260.086,4.812e4
127.397,0.061,0.003,6.98e-7,0.247,0.002,-0.3,260.25,4.823e4
127.897,0.062,0.149,6.98e-7,0.247,0.002,-0.3,260.413,4.835e4
128.397,0.061,0.027,6.98e-7,0.247,0.002,-0.3,260.576,4.846e4
128.897,0.061,0.116,6.98e-7,0.247,0.002,-0.3,260.739,4.857e4
129.397,0.06,0.059,6.98e-7,0.247,0.002,-0.3,260.902,4.868e4
129.897,0.062,0.215,6.98e-7,0.247,0.002,-0.3,261.065,4.88e4
130.397,0.059,0.018,6.98e-7,0.247,0.002,-0.3,261.228,4.891e4
130.897,0.064,0.309,6.98e-7,0.247,0.002,-0.3,261.39,4.902e4
131.397,0.059,0.19,6.98e-7,0.247,0.002,-0.3,261.553,4.913e4
131.897,0.062,0.301,6.98e-7,0.247,0.002,-0.3,261.715,4.924e4
132.397,0.057,0.077,6.98e-7,0.247,0.002,-0.3,261.877,4.936e4
132.897,0.061,0.281,6.98e-7,0.247,0.001,-0.3,262.039,4.947e4
133.397,0.06,0.296,6.98e-7,0.247,0.001,-0.3,262.201,4.958e4
133.897,0.055,0.003,6.98e-7,0.247,0.002,-0.3,262.362,4.969e4
134.397,0.056,0.05,6.98e-7,0.247,0.002,-0.3,262.524,4.98e4
134.897,0.058,0.148,6.98e-7,0.247,0.002,-0.3,262.685,4.992e4
135.397,0.06,0.219,6.98e-7,0.247,0.002,-0.3,262.847,5.004e4
135.897,0.059,0.165,6.98e-7,0.247,0.002,-0.3,263.008,5.015e4
136.397,0.058,0.006,6.98e-7,0.247,0.002,-0.3,263.169,5.027e4
136.897,0.058,0.039,6.98e-7,0.247,0.002,-0.3,263.33,5.039e4
137.397,0.06,0.144,6.98e-7,0.247,0.002,-0.3,263.491,5.05e4
137.897,0.059,0.096,6.98e-7,0.247,0.002,-0.3,263.651,5.062e4
138.397,0.058,0.006,6.98e-7,0.247,0.002,-0.3,263.812,5.074e4
138.897,0.061,0.223,6.98e-7,0.247,0.002,-0.3,263.972,5.085e4
139.397,0.059,0.142,6.98e-7,0.247,0.002,-0.3,264.132,5.097e4
139.897,0.059,0.174,6.98e-7,0.247,0.002,-0.3,264.292,5.108e4
140.397,0.06,0.218,6.98e-7,0.247,0.002,-0.3,264.452,5.12e4
140.897,0.06,0.28,6.98e-7,0.247,0.001,-0.3,264.612,5.132e4
141.397,0.056,0.025,6.98e-7,0.247,0.002,-0.3,264.772,5.143e4
141.897,0.057,0.146,6.98e-7,0.247,0.002,-0.3,264.931,5.155e4
142.397,0.059,0.245,6.98e-7,0.247,0.001,-0.3,265.091,5.166e4
142.897,0.056,0.089,6.98e-7,0.247,0.002,-0.3,265.25,5.178e4
143.397,0.056,0.105,6.98e-7,0.247,0.002,-0.3,265.409,5.189e4
143.897,0.056,0.101,6.98e-7,0.247,0.002,-0.3,265.568,5.201e4
144.397,0.056,0.079,6.98e-7,0.247,0.002,-0.3,265.727,5.212e4
144.897,0.055,0.025,6.98e-7,0.247,0.002,-0.3,265.886,5.224e4
145.397,0.057,0.168,6.98e-7,0.247,0.002,-0.3,266.044,5.235e4
145.897,0.056,0.158,6.98e-7,0.247,0.002,-0.3,266.203,5.247e4
146.397,0.054,0.022,6.98e-7,0.247,0.002,-0.3,266.361,5.258e4
146.897,0.056,0.193,6.98e-7,0.247,0.002,-0.3,266.519,5.27e4
147.397,0.055,0.127,6.98e-7,0.247,0.002,-0.3,266.678,5.281e4
147.897,0.056,0.206,6.98e-7,0.247,0.002,-0.3,266.836,5.293e4
148.397,0.053,0.022,6.98e-7,0.247,0.002,-0.3,266.993,5.304e4
148.897,0.062,0.395,6.98e-7,0.247,0.002,-0.3,267.151,5.316e4
149.397,0.053,0.109,6.98e-7,0.247,0.002,-0.3,267.309,5.328e4
149.897,0.053,9.165e-4,6.98e-7,0.247,0.002,-0.3,267.466,5.34e4
150.397,0.055,0.156,6.98e-7,0.247,0.002,-0.3,267.624,5.351e4
150.897,0.055,0.147,6.98e-7,0.247,0.002,-0.3,267.781,5.363e4
151.397,0.055,0.074,6.98e-7,0.247,0.002,-0.3,267.938,5.375e4
151.897,0.055,0.049,6.98e-7,0.247,0.002,-0.3,268.095,5.387e4
152.397,0.055,0.057,6.98e-7,0.247,0.002,-0.3,268.252,5.399e4
152.897,0.055,0.039,6.98e-7,0.247,0.002,-0.3,268.408,5.411e4
153.397,0.056,0.139,6.98e-7,0.247,0.002,-0.3,268.565,5.423e4
153.897,0.055,0.132,6.98e-7,0.247,0.002,-0.3,268.722,5.435e4
154.397,0.054,0.024,6.98e-7,0.247,0.002,-0.3,268.878,5.447e4
154.897,0.056,0.211,6.98e-7,0.247,0.002,-0.3,269.034,5.458e4
155.397,0.055,0.187,6.98e-7,0.247,0.002,-0.3,269.19,5.47e4
155.897,0.053,0.02,6.98e-7,0.247,0.002,-0.3,269.346,5.482e4
156.397,0.053,0.066,6.98e-7,0.247,0.002,-0.3,269.502,5.494e4
156.897,0.054,0.096,6.98e-7,0.247,0.002,-0.3,269.658,5.506e4
157.397,0.057,0.265,6.98e-7,0.247,0.002,-0.3,269.813,5.518e4
157.897,0.054,0.206,6.98e-7,0.247,0.002,-0.3,269.969,5.529e4
158.397,0.052,0.135,6.98e-7,0.247,0.002,-0.3,270.124,5.541e4
158.897,0.052,0.122,6.98e-7,0.247,0.002,-0.3,270.279,5.553e4
159.397,0.052,0.116,6.98e-7,0.247,0.002,-0.3,270.435,5.565e4
159.897,0.053,0.167,6.98e-7,0.247,0.002,-0.3,270.59,5.576e4
160.397,0.052,0.134,6.98e-7,0.247,0.002,-0.3,270.744,5.588e4
160.897,0.051,0.084,6.98e-7,0.247,0.002,-0.3,270.899,5.6e4
161.397,0.051,0.065,6.98e-7,0.247,0.002,-0.3,271.054,5.612e4
161.897,0.051,0.077,6.98e-7,0.247,0.002,-0.3,271.208,5.623e4
162.397,0.051,0.04,6.98e-7,0.247,0.002,-0.3,271.363,5.635e4
162.897,0.051,0.037,6.98e-7,0.247,0.002,-0.3,271.517,5.647e4
163.397,0.051,0.045,6.98e-7,0.247,0.002,-0.3,271.671,5.659e4
163.897,0.052,0.08,6.98e-7,0.247,0.002,-0.3,271.825,5.671e4
164.397,0.052,0.085,6.98e-7,0.247,0.002,-0.3,271.979,5.683e4
164.897,0.052,0.017,6.98e-7,0.247,0.002,-0.3,272.133,5.695e4
165.397,0.052,0.049,6.98e-7,0.247,0.002,-0.3,272.287,5.707e4
165.897,0.052,0.027,6.98e-7,0.247,0.002,-0.3,272.44,5.72e4
166.397,0.054,0.162,6.98e-7,0.247,0.002,-0.3,272.594,5.732e4
166.897,0.054,0.195,6.98e-7,0.247,0.002,-0.3,272.747,5.744e4
167.397,0.051,0.034,6.98e-7,0.247,0.002,-0.3,272.9,5.756e4
167.897,0.054,0.238,6.98e-7,0.247,0.002,-0.3,273.053,5.768e4
168.397,0.051,0.126,6.98e-7,0.247,0.002,-0.3,273.206,5.78e4
168.897,0.051,0.055,6.98e-7,0.247,0.002,-0.3,273.359,5.793e4
169.397,0.051,0.057,6.98e-7,0.247,0.002,-0.3,273.512,5.805e4
169.897,0.051,0.012,6.98e-7,0.247,0.002,-0.3,273.664,5.817e4
170.397,0.051,0.106,6.98e-7,0.247,0.002,-0.3,273.817,5.829e4
170.897,0.052,0.172,6.98e-7,0.247,0.002,-0.3,273.969,5.841e4
171.397,0.05,0.019,6.98e-7,0.247,0.002,-0.3,274.122,5.853e4
171.897,0.05,0.104,6.98e-7,0.247,0.002,-0.3,274.274,5.865e4
172.397,0.05,0.116,6.98e-7,0.247,0.002,-0.3,274.426,5.877e4
172.897,0.051,0.155,6.98e-7,0.247,0.002,-0.3,274.578,5.889e4
173.397,0.05,0.11,6.98e-7,0.247,0.002,-0.3,274.729,5.901e4
173.897,0.049,0.084,6.98e-7,0.247,0.002,-0.3,274.881,5.913e4
174.397,0.049,0.049,6.98e-7,0.247,0.002,-0.3,275.033,5.925e4
174.897,0.052,0.237,6.98e-7,0.247,0.002,-0.3,275.184,5.937e4
175.397,0.053,0.319,6.98e-7,0.247,0.002,-0.3,275.335,5.95e4
175.897,0.047,0.088,6.98e-7,0.247,0.002,-0.3,275.487,5.962e4
176.397,0.047,0.004,6.98e-7,0.247,0.002,-0.3,275.638,5.974e4
176.897,0.048,0.157,6.98e-7,0.247,0.002,-0.3,275.789,5.986e4
177.397,0.047,0.03,6.98e-7,0.247,0.002,-0.3,275.94,5.997e4
177.897,0.048,0.12,6.98e-7,0.247,0.002,-0.3,276.09,6.009e4
178.397,0.047,0.017,6.98e-7,0.247,0.002,-0.3,276.241,6.021e4
178.897,0.048,0.009,6.98e-7,0.247,0.002,-0.3,276.392,6.034e4
179.397,0.049,0.139,6.98e-7,0.247,0.002,-0.3,276.542,6.046e4
179.897,0.049,0.059,6.98e-7,0.247,0.002,-0.3,276.693,6.059e4
180.397,0.049,0.091,6.98e-7,0.247,0.002,-0.3,276.843,6.071e4
180.897,0.049,0.015,6.98e-7,0.247,0.002,-0.3,276.993,6.084e4
181.397,0.053,0.278,6.98e-7,0.247,0.001,-0.3,277.143,6.096e4
181.897,0.048,0.022,6.98e-7,0.247,0.002,-0.3,277.293,6.109e4
182.397,0.053,0.308,6.98e-7,0.247,0.002,-0.3,277.443,6.121e4
182.897,0.047,0.004,6.98e-7,0.247,0.002,-0.3,277.592,6.134e4
183.397,0.047,0.037,6.98e-7,0.247,0.002,-0.3,277.742,6.146e4
183.897,0.049,0.166,6.98e-7,0.247,0.002,-0.3,277.891,6.159e4
184.397,0.047,0.007,6.98e-7,0.247,0.002,-0.3,278.041,6.171e4
184.897,0.05,0.224,6.98e-7,0.247,0.001,-0.3,278.19,6.183e4
185.397,0.047,0.06,6.98e-7,0.247,0.002,-0.3,278.339,6.196e4
185.897,0.047,0.03,6.98e-7,0.247,0.002,-0.3,278.488,6.208e4
186.397,0.048,0.165,6.98e-7,0.247,0.002,-0.3,278.637,6.221e4
186.897,0.048,0.153,6.98e-7,0.247,0.002,-0.3,278.786,6.233e4
187.397,0.048,0.178,6.98e-7,0.247,0.002,-0.3,278.934,6.245e4
187.897,0.046,0.011,6.98e-7,0.247,0.002,-0.3,279.083,6.258e4
188.397,0.047,0.1,6.98e-7,0.247,0.002,-0.3,279.231,6.27e4
188.897,0.046,0.096,6.98e-7,0.247,0.002,-0.3,279.38,6.282e4
189.397,0.046,0.02,6.98e-7,0.247,0.002,-0.3,279.528,6.295e4
189.897,0.046,0.065,6.98e-7,0.247,0.002,-0.3,279.676,6.307e4
190.397,0.046,0.003,6.98e-7,0.247,0.002,-0.3,279.824,6.319e4
190.897,0.046,0.11,6.98e-7,0.247,0.002,-0.3,279.972,6.331e4
191.397,0.045,0.052,6.98e-7,0.247,0.002,-0.3,280.12,6.344e4
191.897,0.045,0.01,6.98e-7,0.247,0.002,-0.3,280.268,6.356e4
192.397,0.045,0.037,6.98e-7,0.247,0.002,-0.3,280.415,6.368e4
192.897,0.045,0.064,6.98e-7,0.247,0.002,-0.3,280.563,6.381e4
193.397,0.047,0.232,6.98e-7,0.247,0.001,-0.3,280.71,6.393e4
193.897,0.044,0.086,6.98e-7,0.247,0.002,-0.3,280.857,6.405e4
194.397,0.045,0.022,6.98e-7,0.247,0.002,-0.3,281.005,6.418e4
194.897,0.046,0.133,6.98e-7,0.247,0.002,-0.3,281.152,6.431e4
195.397,0.046,3.485e-4,6.98e-7,0.247,0.002,-0.3,281.299,6.444e4
195.897,0.048,0.222,6.98e-7,0.247,0.001,-0.3,281.446,6.456e4
196.397,0.049,0.291,6.98e-7,0.247,0.001,-0.3,281.592,6.469e4
196.897,0.045,0.16,6.98e-7,0.247,0.002,-0.3,281.739,6.482e4
197.397,0.045,0.058,6.98e-7,0.247,0.002,-0.3,281.885,6.494e4
197.897,0.048,0.231,6.98e-7,0.247,0.002,-0.3,282.032,6.507e4
198.397,0.044,0.054,6.98e-7,0.247,0.002,-0.3,282.178,6.52e4
198.897,0.045,0.016,6.98e-7,0.247,0.002,-0.3,282.325,6.533e4
199.397,0.045,0.017,6.98e-7,0.247,0.002,-0.3,282.471,6.545e4
199.897,0.045,0.049,6.98e-7,0.247,0.002,-0.3,282.617,6.558e4
200.397,0.045,0.016,6.98e-7,0.247,0.002,-0.3,282.763,6.571e4
200.897,0.046,0.151,6.98e-7,0.247,0.002,-0.3,282.908,6.583e4
201.397,0.044,0.043,6.98e-7,0.247,0.002,-0.3,283.054,6.596e4
201.897,0.044,0.014,6.98e-7,0.247,0.002,-0.3,283.2,6.609e4
202.397,0.045,0.106,6.98e-7,0.247,0.002,-0.3,283.345,6.621e4
202.897,0.045,0.136,6.98e-7,0.247,0.002,-0.3,283.491,6.634e4
203.397,0.044,7.375e-4,6.98e-7,0.247,0.002,-0.3,283.636,6.647e4
203.897,0.044,0.027,6.98e-7,0.247,0.002,-0.3,283.781,6.659e4
204.397,0.045,0.171,6.98e-7,0.247,0.002,-0.3,283.926,6.672e4
204.897,0.044,0.098,6.98e-7,0.247,0.002,-0.3,284.071,6.684e4
205.397,0.043,0.026,6.98e-7,0.247,0.002,-0.3,284.216,6.697e4
205.897,0.044,0.153,6.98e-7,0.247,0.002,-0.3,284.361,6.71e4
206.397,0.046,0.258,6.98e-7,0.247,0.001,-0.3,284.506,6.722e4
206.897,0.042,0.095,6.98e-7,0.247,0.002,-0.3,284.65,6.735e4
207.397,0.042,0.121,6.98e-7,0.247,0.002,-0.3,284.795,6.747e4
207.897,0.042,0.002,6.98e-7,0.247,0.002,-0.3,284.939,6.76e4
208.397,0.043,0.124,6.98e-7,0.247,0.002,-0.3,285.084,6.772e4
208.897,0.045,0.261,6.98e-7,0.247,0.002,-0.3,285.228,6.785e4
209.397,0.042,0.166,6.98e-7,0.247,0.002,-0.3,285.372,6.797e4
209.897,0.043,0.208,6.98e-7,0.247,0.002,-0.3,285.516,6.81e4
210.397,0.045,0.249,6.98e-7,0.247,0.001,-0.3,285.66,6.823e4
210.897,0.041,0.049,6.98e-7,0.247,0.002,-0.3,285.804,6.836e4
211.397,0.043,0.155,6.98e-7,0.247,0.002,-0.3,285.948,6.849e4
211.897,0.045,0.235,6.98e-7,0.247,0.002,-0.3,286.091,6.863e4
212.397,0.043,0.144,6.98e-7,0.247,0.002,-0.3,286.235,6.876e4
212.897,0.046,0.284,6.98e-7,0.247,0.001,-0.3,286.378,6.889e4
213.397,0.041,0.044,6.98e-7,0.247,0.002,-0.3,286.521,6.902e4
213.897,0.042,0.076,6.98e-7,0.247,0.002,-0.3,286.665,6.915e4
214.397,0.042,0.02,6.98e-7,0.247,0.002,-0.3,286.808,6.928e4
214.897,0.042,0.026,6.98e-7,0.247,0.002,-0.3,286.951,6.941e4
215.397,0.045,0.22,6.98e-7,0.247,0.001,-0.3,287.094,6.954e4
215.897,0.042,0.133,6.98e-7,0.247,0.002,-0.3,287.237,6.966e4
216.397,0.042,0.06,6.98e-7,0.247,0.002,-0.3,287.379,6.979e4
216.897,0.042,0.085,6.98e-7,0.247,0.002,-0.3,287.522,6.992e4
217.397,0.042,0.063,6.98e-7,0.247,0.002,-0.3,287.664,7.005e4
217.897,0.042,0.066,6.98e-7,0.247,0.002,-0.3,287.807,7.018e4
218.397,0.042,2.71e-4,6.98e-7,0.247,0.002,-0.3,287.949,7.031e4
218.897,0.044,0.213,6.98e-7,0.247,0.001,-0.3,288.091,7.044e4
219.397,0.041,0.006,6.98e-7,0.247,0.002,-0.3,288.234,7.057e4
219.897,0.041,0.028,6.98e-7,0.247,0.002,-0.3,288.376,7.07e4
220.397,0.041,0.02,6.98e-7,0.247,0.002,-0.3,288.518,7.083e4
220.897,0.041,0.053,6.98e-7,0.247,0.002,-0.3,288.66,7.096e4
221.397,0.041,0.02,6.98e-7,0.247,0.002,-0.3,288.801,7.108e4
221.897,0.041,0.016,6.98e-7,0.247,0.002,-0.3,288.943,7.121e4
222.397,0.041,0.065,6.98e-7,0.247,0.002,-0.3,289.085,7.134e4
222.897,0.041,0.069,6.98e-7,0.247,0.002,-0.3,289.226,7.147e4
223.397,0.04,0.069,6.98e-7,0.247,0.002,-0.3,289.367,7.16e4
223.897,0.04,0.057,6.98e-7,0.247,0.002,-0.3,289.509,7.173e4
224.397,0.041,0.102,6.98e-7,0.247,0.002,-0.3,289.65,7.186e4
224.897,0.043,0.25,6.98e-7,0.247,0.002,-0.3,289.791,7.198e4
225.397,0.04,0.132,6.98e-7,0.247,0.002,-0.3,289.932,7.211e4
225.897,0.041,0.2,6.98e-7,0.247,0.002,-0.3,290.073,7.224e4
226.397,0.041,0.167,6.98e-7,0.247,0.002,-0.3,290.214,7.238e4
226.897,0.042,0.219,6.98e-7,0.247,0.002,-0.3,290.355,7.251e4
227.397,0.039,0.023,6.98e-7,0.247,0.002,-0.3,290.495,7.264e4
227.897,0.04,0.038,6.98e-7,0.247,0.002,-0.3,290.636,7.278e4
228.397,0.04,0.064,6.98e-7,0.247,0.002,-0.3,290.776,7.291e4
228.897,0.041,0.086,6.98e-7,0.247,0.002,-0.3,290.917,7.304e4
229.397,0.04,0.039,6.98e-7,0.247,0.002,-0.3,291.057,7.318e4
229.897,0.041,0.085,6.98e-7,0.247,0.002,-0.3,291.197,7.331e4
230.397,0.041,0.083,6.98e-7,0.247,0.002,-0.3,291.337,7.344e4
230.897,0.046,0.325,6.98e-7,0.247,0.002,-0.3,291.477,7.357e4
231.397,0.039,0.044,6.98e-7,0.247,0.002,-0.3,291.617,7.371e4
231.897,0.039,0.057,6.98e-7,0.247,0.002,-0.3,291.757,7.384e4
232.397,0.04,0.14,6.98e-7,0.247,0.002,-0.3,291.897,7.397e4
232.897,0.039,0.021,6.98e-7,0.247,0.002,-0.3,292.036,7.41e4
233.397,0.04,0.162,6.98e-7,0.247,0.002,-0.3,292.176,7.424e4
233.897,0.04,0.16,6.98e-7,0.247,0.002,-0.3,292.315,7.437e4
234.397,0.04,0.137,6.98e-7,0.247,0.002,-0.3,292.455,7.45e4
234.897,0.04,0.146,6.98e-7,0.247,0.002,-0.3,292.594,7.463e4
235.397,0.04,0.166,6.98e-7,0.247,0.002,-0.3,292.733,7.476e4
235.897,0.039,0.111,6.98e-7,0.247,0.002,-0.3,292.872,7.49e4
236.397,0.039,0.163,6.98e-7,0.247,0.002,-0.3,293.011,7.503e4
236.897,0.039,0.117,6.98e-7,0.247,0.002,-0.3,293.15,7.516e4
237.397,0.038,0.075,6.98e-7,0.247,0.002,-0.3,293.289,7.529e4
237.897,0.038,0.029,6.98e-7,0.247,0.002,-0.3,293.428,7.542e4
238.397,0.038,0.031,6.98e-7,0.247,0.002,-0.3,293.566,7.555e4
238.897,0.039,0.173,6.98e-7,0.247,0.002,-0.3,293.705,7.568e4
239.397,0.038,0.081,6.98e-7,0.247,0.002,-0.3,293.843,7.582e4
239.897,0.038,0.125,6.98e-7,0.247,0.002,-0.3,293.982,7.595e4
240.397,0.037,0.034,6.98e-7,0.247,0.002,-0.3,294.12,7.608e4
240.897,0.037,0.051,6.98e-7,0.247,0.002,-0.3,294.258,7.621e4
241.397,0.038,0.144,6.98e-7,0.247,0.002,-0.3,294.396,7.634e4
241.897,0.038,0.136,6.98e-7,0.247,0.002,-0.3,294.534,7.647e4
242.397,0.037,0.016,6.98e-7,0.247,0.002,-0.3,294.672,7.661e4
242.897,0.039,0.153,6.98e-7,0.247,0.002,-0.3,294.81,7.674e4
243.397,0.051,0.5,6.98e-7,0.247,0.002,-0.3,294.948,7.688e4
243.897,0.034,0.077,6.98e-7,0.247,0.002,-0.3,295.086,7.701e4
244.397,0.036,0.012,6.98e-7,0.247,0.002,-0.3,295.223,7.715e4
244.897,0.037,0.011,6.98e-7,0.247,0.002,-0.3,295.361,7.729e4
245.397,0.038,0.117,6.98e-7,0.247,0.002,-0.3,295.498,7.742e4
245.897,0.042,0.317,6.98e-7,0.247,0.001,-0.3,295.635,7.756e4
246.397,0.036,2.071e-4,6.98e-7,0.247,0.002,-0.3,295.773,7.769e4
246.897,0.037,0.091,6.98e-7,0.247,0.002,-0.3,295.91,7.783e4
247.397,0.039,0.205,6.98e-7,0.247,0.002,-0.3,296.047,7.796e4
247.897,0.037,0.055,6.98e-7,0.247,0.002,-0.3,296.184,7.81e4
248.397,0.037,0.082,6.98e-7,0.247,0.002,-0.3,296.321,7.823e4
248.897,0.039,0.168,6.98e-7,0.247,0.002,-0.3,296.457,7.837e4
249.397,0.039,0.228,6.98e-7,0.247,0.002,-0.3,296.594,7.851e4
249.897,0.039,0.263,6.98e-7,0.247,0.001,-0.3,296.731,7.864e4
250.397,0.036,0.119,6.98e-7,0.247,0.002,-0.3,296.867,7.878e4
250.897,0.043,0.382,6.98e-7,0.247,0.001,-0.3,297.004,7.891e4
251.397,0.034,0.087,6.98e-7,0.247,0.002,-0.3,297.14,7.904e4
251.897,0.035,0.027,6.98e-7,0.247,0.002,-0.3,297.276,7.918e4
252.397,0.036,0.072,6.98e-7,0.247,0.002,-0.3,297.413,7.931e4
252.897,0.036,0.046,6.98e-7,0.247,0.002,-0.3,297.549,7.945e4
253.397,0.036,0.092,6.98e-7,0.247,0.002,-0.3,297.685,7.958e4
253.897,0.039,0.252,6.98e-7,0.247,0.002,-0.3,297.821,7.972e4
254.397,0.036,0.137,6.98e-7,0.247,0.002,-0.3,297.956,7.985e4
254.897,0.035,0.024,6.98e-7,0.247,0.002,-0.3,298.092,7.999e4
255.397,0.043,0.389,6.98e-7,0.247,0.001,-0.3,298.228,8.012e4
255.897,0.034,0.153,6.98e-7,0.247,0.002,-0.3,298.364,8.025e4
256.397,0.034,0.045,6.98e-7,0.247,0.002,-0.3,298.499,8.039e4
256.897,0.035,0.139,6.98e-7,0.247,0.002,-0.3,298.634,8.052e4
257.397,0.035,0.086,6.98e-7,0.247,0.002,-0.3,298.77,8.066e4
257.897,0.035,0.044,6.98e-7,0.247,0.002,-0.3,298.905,8.079e4
258.397,0.036,0.133,6.98e-7,0.247,0.002,-0.3,299.04,8.092e4
258.897,0.041,0.347,6.98e-7,0.247,0.001,-0.3,299.175,8.106e4
259.397,0.033,0.005,6.98e-7,0.247,0.002,-0.3,299.31,8.12e4
259.897,0.035,0.093,6.98e-7,0.247,0.002,-0.3,299.445,8.134e4
260.397,0.037,0.174,6.98e-7,0.247,0.002,-0.3,299.58,8.148e4
260.897,0.035,0.007,6.98e-7,0.247,0.002,-0.3,299.715,8.161e4
261.397,0.036,0.009,6.98e-7,0.247,0.002,-0.3,299.85,8.175e4
261.897,0.036,0.005,6.98e-7,0.247,0.002,-0.3,299.984,8.189e4
262.397,0.037,0.103,6.98e-7,0.247,0.002,-0.3,300.119,8.203e4
262.897,0.038,0.185,6.98e-7,0.247,0.002,-0.3,300.253,8.217e4
263.397,0.036,0.069,6.98e-7,0.247,0.002,-0.3,300.388,8.231e4
263.897,0.036,0.035,6.98e-7,0.247,0.002,-0.3,300.522,8.245e4
264.397,0.036,0.032,6.98e-7,0.247,0.002,-0.3,300.656,8.258e4
264.897,0.036,0.128,6.98e-7,0.247,0.002,-0.3,300.79,8.272e4
265.397,0.036,0.09,6.98e-7,0.247,0.002,-0.3,300.924,8.286e4
265.897,0.036,0.109,6.98e-7,0.247,0.002,-0.3,301.058,8.3e4
266.397,0.035,0.03,6.98e-7,0.247,0.002,-0.3,301.192,8.314e4
266.897,0.04,0.292,6.98e-7,0.247,0.002,-0.3,301.326,8.327e4
267.397,0.036,0.224,6.98e-7,0.247,0.002,-0.3,301.46,8.341e4
267.897,0.034,0.116,6.98e-7,0.247,0.002,-0.3,301.593,8.355e4
268.397,0.035,0.168,6.98e-7,0.247,0.002,-0.3,301.727,8.369e4
268.897,0.035,0.194,6.98e-7,0.247,0.002,-0.3,301.86,8.383e4
269.397,0.035,0.178,6.98e-7,0.247,0.002,-0.3,301.994,8.396e4
269.897,0.035,0.164,6.98e-7,0.247,0.002,-0.3,302.127,8.41e4
270.397,0.033,0.02,6.98e-7,0.247,0.002,-0.3,302.26,8.424e4
270.897,0.034,0.069,6.98e-7,0.247,0.002,-0.3,302.393,8.437e4
271.397,0.035,0.163,6.98e-7,0.247,0.002,-0.3,302.526,8.451e4
271.897,0.035,0.162,6.98e-7,0.247,0.002,-0.3,302.659,8.465e4
272.397,0.034,0.103,6.98e-7,0.247,0.002,-0.3,302.792,8.479e4
272.897,0.033,0.026,6.98e-7,0.247,0.002,-0.3,302.925,8.492e4
273.397,0.034,0.055,6.98e-7,0.247,0.002,-0.3,303.058,8.506e4
273.897,0.034,0.135,6.98e-7,0.247,0.002,-0.3,303.19,8.52e4
274.397,0.033,0.023,6.98e-7,0.247,0.002,-0.3,303.323,8.533e4
274.897,0.033,0.051,6.98e-7,0.247,0.002,-0.3,303.455,8.547e4
275.397,0.033,0.036,6.98e-7,0.247,0.002,-0.3,303.588,8.561e4
275.897,0.039,0.326,6.98e-7,0.247,0.001,-0.3,303.72,8.574e4
276.397,0.034,0.195,6.98e-7,0.247,0.001,-0.3,303.853,8.588e4
276.897,0.038,0.348,6.98e-7,0.247,0.001,-0.3,303.985,8.603e4
277.397,0.031,0.08,6.98e-7,0.247,0.002,-0.3,304.117,8.617e4
277.897,0.033,0.121,6.98e-7,0.247,0.002,-0.3,304.249,8.631e4
278.397,0.033,0.009,6.98e-7,0.247,0.002,-0.3,304.381,8.645e4
278.897,0.034,0.084,6.98e-7,0.247,0.002,-0.3,304.513,8.659e4
279.397,0.034,0.07,6.98e-7,0.247,0.002,-0.3,304.645,8.674e4
279.897,0.034,0.032,6.98e-7,0.247,0.002,-0.3,304.776,8.688e4
280.397,0.037,0.253,6.98e-7,0.247,0.001,-0.3,304.908,8.702e4
280.897,0.033,0.087,6.98e-7,0.247,0.002,-0.3,305.039,8.716e4
281.397,0.034,0.103,6.98e-7,0.247,0.002,-0.3,305.171,8.73e4
281.897,0.034,0.098,6.98e-7,0.247,0.002,-0.3,305.302,8.744e4
282.397,0.034,0.098,6.98e-7,0.247,0.002,-0.3,305.434,8.758e4
282.897,0.033,0.061,6.98e-7,0.247,0.002,-0.3,305.565,8.772e4
283.397,0.038,0.324,6.98e-7,0.247,0.001,-0.3,305.696,8.786e4
283.897,0.032,0.075,6.98e-7,0.247,0.002,-0.3,305.827,8.801e4
284.397,0.036,0.273,6.98e-7,0.247,0.002,-0.3,305.958,8.815e4
284.398,118.014,3.59,6.98e-7,0.247,0.002,-0.3,305.959,8.815e4
284.407,109.232,3.318,6.98e-7,0.247,0.002,-0.3,305.961,8.815e4
284.416,100.762,3.047,6.98e-7,0.247,0.002,-0.3,305.963,8.815e4
284.426,92.605,2.786,6.98e-7,0.247,0.002,-0.3,305.965,8.815e4
284.437,84.76,2.535,6.98e-7,0.247,0.002,-0.3,305.968,8.816e4
284.448,77.227,2.294,6.98e-7,0.247,0.002,-0.3,305.97,8.816e4
284.461,70.01,2.146,6.98e-7,0.247,0.002,-0.3,305.973,8.816e4
284.476,63.105,2.018,6.98e-7,0.247,0.002,-0.3,305.976,8.817e4
284.491,56.513,1.896,6.98e-7,0.247,0.002,-0.3,305.979,8.817e4
284.509,50.236,1.856,6.98e-7,0.247,0.002,-0.3,305.982,8.817e4
284.529,44.275,1.895,6.98e-7,0.247,0.002,-0.3,305.986,8.818e4
284.552,38.628,1.904,6.98e-7,0.247,0.002,-0.3,305.99,8.818e4
284.577,33.277,1.477,6.98e-7,0.247,0.002,-0.3,305.994,8.818e4
284.607,28.24,1.08,6.98e-7,0.247,0.002,-0.3,305.998,8.819e4
284.643,23.516,0.731,6.98e-7,0.247,0.002,-0.3,306.003,8.819e4
284.685,19.105,0.357,6.98e-7,0.247,0.002,-0.3,306.008,8.82e4
284.738,15.009,0.121,6.98e-7,0.247,0.002,-0.3,306.015,8.821e4
284.804,11.228,0.241,6.98e-7,0.247,0.002,-0.3,306.022,8.821e4
284.893,7.758,0.011,6.98e-7,0.247,0.002,-0.3,306.031,8.822e4
285.022,4.601,0.051,6.98e-7,0.247,0.002,-0.3,306.043,8.824e4
285.24,1.776,0.652,6.98e-7,0.247,0.001,-0.3,306.061,8.826e4
285.611,0.089,0.852,6.98e-7,0.247,0.001,-0.3,306.089,8.829e4
286.014,-0.026,0.382,6.98e-7,0.247,0.002,-0.3,306.119,8.832e4
286.419,-0.004,0.139,6.98e-7,0.247,0.001,-0.3,306.148,8.835e4
286.822,0.076,1.216,6.98e-7,0.247,0.001,-0.3,306.177,8.838e4
287.226,-0.071,0.025,6.98e-7,0.247,0.002,-0.3,306.206,8.841e4
287.631,0.009,0.341,6.98e-7,0.247,0.002,-0.3,306.236,8.844e4
288.035,0.046,0.986,6.98e-7,0.247,0.002,-0.3,306.265,8.848e4
288.438,-0.04,0.358,6.98e-7,0.247,0.002,-0.3,306.294,8.851e4
288.843,-0.003,0.158,6.98e-7,0.247,0.001,-0.3,306.323,8.854e4
289.246,0.023,0.656,6.98e-7,0.247,0.002,-0.3,306.352,8.857e4
289.649,-0.013,0.349,6.98e-7,0.247,0.002,-0.3,306.382,8.86e4
290.053,0.024,0.736,6.98e-7,0.247,0.002,-0.3,306.411,8.863e4
290.456,-0.016,0.412,6.98e-7,0.247,0.002,-0.3,306.44,8.866e4
290.86,-3.482e-4,0.339,6.98e-7,0.247,0.001,-0.3,306.469,8.869e4
291.263,-0.003,0.049,6.98e-7,0.247,0.002,-0.3,306.498,8.873e4
291.667,0.041,0.879,6.98e-7,0.247,0.001,-0.3,306.528,8.876e4
292.07,-0.013,0.674,6.98e-7,0.247,0.001,-0.3,306.557,8.879e4
292.473,-0.012,0.412,6.98e-7,0.247,0.002,-0.3,306.586,8.882e4
292.877,-0.006,0.042,6.98e-7,0.247,0.002,-0.3,306.615,8.885e4
293.28,0.007,0.293,6.98e-7,0.247,0.001,-0.3,306.644,8.888e4
293.682,-0.001,0.116,6.98e-7,0.247,0.002,-0.3,306.673,8.891e4
294.085,0.037,0.838,6.98e-7,0.247,0.002,-0.3,306.702,8.895e4
294.488,-0.032,0.107,6.98e-7,0.247,0.002,-0.3,306.731,8.898e4
294.891,0.003,0.163,6.98e-7,0.247,0.001,-0.3,306.761,8.901e4
295.294,0.002,0.089,6.98e-7,0.247,0.002,-0.3,306.79,8.904e4
295.696,0.004,0.213,6.98e-7,0.247,0.002,-0.3,306.819,8.907e4
296.099,3.888e-4,0.069,6.98e-7,0.247,0.001,-0.3,306.848,8.91e4
296.501,0.007,0.32,6.98e-7,0.247,0.001,-0.3,306.877,8.913e4
296.904,0.096,1.412,6.98e-7,0.247,9.946e-4,-0.3,306.906,8.916e4
297.306,-0.096,0.122,6.98e-7,0.247,0.002,-0.3,306.935,8.92e4
297.71,0.023,0.639,6.98e-7,0.247,0.002,-0.3,306.964,8.923e4
298.113,-0.017,0.135,6.98e-7,0.247,0.001,-0.3,306.993,8.926e4
298.515,0.013,0.479,6.98e-7,0.247,0.002,-0.3,307.022,8.929e4
298.917,0.008,0.581,6.98e-7,0.247,0.002,-0.3,307.051,8.932e4
299.32,0.025,0.883,6.98e-7,0.247,0.001,-0.3,307.08,8.935e4
299.722,-0.017,0.62,6.98e-7,0.247,0.001,-0.3,307.109,8.938e4
300.125,-0.001,0.562,6.98e-7,0.247,0.001,-0.3,307.138,8.941e4
300.527,-0.002,0.472,6.98e-7,0.247,0.002,-0.3,307.167,8.944e4
300.929,0.006,0.551,6.98e-7,0.247,0.001,-0.3,307.196,8.948e4
301.331,-0.011,0.216,6.98e-7,0.247,0.002,-0.3,307.225,8.951e4
301.733,0.132,1.633,6.98e-7,0.247,0.002,-0.3,307.254,8.954e4
302.135,-0.129,0.016,6.98e-7,0.247,0.002,-0.3,307.283,8.957e4
302.539,0.006,0.241,6.98e-7,0.247,0.001,-0.3,307.312,8.96e4
302.941,0.002,0.208,6.98e-7,0.247,0.001,-0.3,307.341,8.963e4
303.342,0.028,0.738,6.98e-7,0.247,0.002,-0.3,307.37,8.966e4
303.744,-0.024,0.14,6.98e-7,0.247,0.001,-0.3,307.399,8.969e4
304.146,0.066,1.137,6.98e-7,0.247,0.001,-0.3,307.428,8.972e4
304.547,-0.06,0.189,6.98e-7,0.247,0.001,-0.3,307.457,8.976e4
304.95,0.005,0.277,6.98e-7,0.247,0.001,-0.3,307.486,8.979e4
305.351,0.02,0.648,6.98e-7,0.247,0.002,-0.3,307.514,8.982e4
305.753,-0.015,0.269,6.98e-7,0.247,0.002,-0.3,307.543,8.985e4
306.154,0.003,0.274,6.98e-7,0.247,0.001,-0.3,307.572,8.988e4
306.556,0.014,0.558,6.98e-7,0.247,0.001,-0.3,307.601,8.991e4
306.957,-0.012,0.173,6.98e-7,0.247,0.002,-0.3,307.63,8.994e4
307.358,0.002,0.112,6.98e-7,0.247,0.001,-0.3,307.659,8.997e4
307.759,0.002,0.002,6.98e-7,0.247,0.002,-0.3,307.688,9e4
308.16,0.012,0.44,6.98e-7,0.247,0.001,-0.3,307.717,9.003e4
308.561,0.005,0.497,6.98e-7,0.247,0.002,-0.3,307.745,9.007e4
308.962,-0.01,0.081,6.98e-7,0.247,0.001,-0.3,307.774,9.01e4
309.363,0.004,0.215,6.98e-7,0.247,0.001,-0.3,307.803,9.013e4
309.764,6.272e-4,0.104,6.98e-7,0.247,0.001,-0.3,307.832,9.016e4
310.164,0.002,0.035,6.98e-7,0.247,0.002,-0.3,307.861,9.019e4
310.565,0.021,0.612,6.98e-7,0.247,0.002,-0.3,307.89,9.022e4
310.966,-0.009,0.378,6.98e-7,0.247,0.002,-0.3,307.918,9.025e4
311.367,0.035,0.882,6.98e-7,0.247,0.002,-0.3,307.947,9.028e4
311.767,-0.025,0.487,6.98e-7,0.247,0.002,-0.3,307.976,9.031e4
312.168,-0.01,0.01,6.98e-7,0.247,0.002,-0.3,308.005,9.034e4
312.569,0.01,0.375,6.98e-7,0.247,0.002,-0.3,308.034,9.038e4
312.969,-3.802e-4,0.294,6.98e-7,0.247,0.001,-0.3,308.062,9.041e4
313.37,0.028,0.773,6.98e-7,0.247,0.001,-0.3,308.091,9.044e4
313.77,-0.017,0.471,6.98e-7,0.247,0.001,-0.3,308.12,9.047e4
314.171,0.005,0.528,6.98e-7,0.247,0.002,-0.3,308.149,9.05e4
314.571,0.005,0.57,6.98e-7,0.247,0.001,-0.3,308.177,9.053e4
314.972,0.109,1.576,6.98e-7,0.247,9.363e-4,-0.3,308.206,9.056e4
315.372,-0.11,0.457,6.98e-7,0.247,0.002,-0.3,308.235,9.059e4
315.775,0.017,0.699,6.98e-7,0.247,0.002,-0.3,308.264,9.062e4
316.175,-0.021,0.179,6.98e-7,0.247,0.002,-0.3,308.292,9.065e4
316.575,0.002,0.151,6.98e-7,0.247,0.001,-0.3,308.318,9.068e4
316.975,0.004,0.298,6.98e-7,0.247,0.001,-0.3,308.328,9.069e4
317.375,0.01,0.511,6.98e-7,0.247,0.002,-0.3,308.339,9.07e4
317.775,0.011,0.676,6.98e-7,0.247,0.002,-0.3,308.35,9.072e4
318.175,-0.021,0.188,6.98e-7,0.247,0.001,-0.3,308.361,9.073e4
318.575,-5.414e-4,0.079,6.98e-7,0.247,0.001,-0.3,308.371,9.074e4
318.975,0.001,0.096,6.98e-7,0.247,0.002,-0.3,308.382,9.075e4
319.375,0.014,0.512,6.98e-7,0.247,0.001,-0.3,308.393,9.076e4
319.774,-0.012,0.118,6.98e-7,0.247,0.001,-0.3,308.404,9.078e4
320.174,0.047,0.959,6.98e-7,0.247,0.001,-0.3,308.415,9.079e4
320.574,0.035,1.266,6.98e-7,0.247,0.002,-0.3,308.425,9.08e4
320.975,-0.077,0.208,6.98e-7,0.247,0.002,-0.3,308.436,9.081e4
321.376,0.027,0.743,6.98e-7,0.247,0.002,-0.3,308.447,9.082e4
321.776,-0.02,0.368,6.98e-7,0.247,0.001,-0.3,308.458,9.084e4
322.176,-0.005,0.144,6.98e-7,0.247,0.002,-0.3,308.469,9.085e4
322.576,0.004,0.288,6.98e-7,0.247,0.002,-0.3,308.479,9.086e4
322.975,3.088e-4,0.268,6.98e-7,0.247,0.001,-0.3,308.49,9.087e4
323.375,0.057,1.089,6.98e-7,0.247,0.001,-0.3,308.501,9.088e4
323.774,-0.054,0.31,6.98e-7,0.247,0.001,-0.3,308.512,9.089e4
324.175,0.018,0.651,6.98e-7,0.247,0.002,-0.3,308.522,9.091e4
324.575,0.018,0.869,6.98e-7,0.247,0.002,-0.3,308.533,9.092e4
324.975,-0.035,0.235,6.98e-7,0.247,0.001,-0.3,308.544,9.093e4
325.375,0.023,0.707,6.98e-7,0.247,0.001,-0.3,308.555,9.094e4
325.774,-0.022,0.204,6.98e-7,0.247,0.002,-0.3,308.565,9.095e4
326.174,0.004,0.317,6.98e-7,0.247,0.001,-0.3,308.576,9.097e4
326.574,0.01,0.525,6.98e-7,0.247,0.001,-0.3,308.587,9.098e4
326.973,0.013,0.712,6.98e-7,0.247,0.002,-0.3,308.598,9.099e4
327.373,-0.023,0.167,6.98e-7,0.247,0.002,-0.3,308.609,9.1e4
327.773,9.107e-5,0.107,6.98e-7,0.247,0.002,-0.3,308.619,9.101e4
328.273,9.479e-4,0.087,6.98e-7,0.247,0.002,-0.3,308.633,9.103e4
328.672,0.008,0.38,6.98e-7,0.247,0.001,-0.3,308.644,9.104e4
329.071,1.51e-4,0.358,6.98e-7,0.247,0.002,-0.3,308.654,9.105e4
329.571,0.024,0.756,6.98e-7,0.247,0.002,-0.3,308.668,9.107e4
329.971,-0.028,0.074,6.98e-7,0.247,0.002,-0.3,308.679,9.108e4
330.371,0.002,0.133,6.98e-7,0.247,0.002,-0.3,308.689,9.109e4
330.77,6.994e-4,0.117,6.98e-7,0.247,0.001,-0.3,308.7,9.11e4
331.169,0.013,0.504,6.98e-7,0.247,0.001,-0.3,308.711,9.111e4
331.568,0.076,1.33,6.98e-7,0.247,0.001,-0.3,308.722,9.113e4
331.968,-0.022,1.13,6.98e-7,0.247,0.002,-0.3,308.732,9.114e4
332.368,-0.064,0.028,6.98e-7,0.247,0.002,-0.3,308.743,9.115e4
332.769,0.012,0.473,6.98e-7,0.247,0.002,-0.3,308.754,9.116e4
333.168,-0.01,0.083,6.98e-7,0.247,0.002,-0.3,308.765,9.117e4
333.567,0.06,1.088,6.98e-7,0.247,0.001,-0.3,308.775,9.119e4
333.966,-0.057,0.164,6.98e-7,0.247,0.001,-0.3,308.786,9.12e4
334.367,0.02,0.628,6.98e-7,0.247,0.001,-0.3,308.797,9.121e4
334.766,0.017,0.846,6.98e-7,0.247,0.001,-0.3,308.808,9.122e4
335.165,-0.007,0.744,6.98e-7,0.247,0.001,-0.3,308.818,9.123e4
335.565,-0.025,0.22,6.98e-7,0.247,0.001,-0.3,308.829,9.125e4
335.964,-0.002,0.003,6.98e-7,0.247,0.002,-0.3,308.84,9.126e4
336.363,0.023,0.657,6.98e-7,0.247,0.002,-0.3,308.851,9.127e4
336.762,-0.019,0.205,6.98e-7,0.247,0.001,-0.3,308.861,9.128e4
337.161,-9.8e-4,0.065,6.98e-7,0.247,0.002,-0.3,308.872,9.129e4
337.56,0.046,0.944,6.98e-7,0.247,0.002,-0.3,308.883,9.13e4
337.959,-0.017,0.727,6.98e-7,0.247,0.002,-0.3,308.894,9.132e4
338.359,0.005,0.786,6.98e-7,0.247,0.002,-0.3,308.904,9.133e4
338.758,-0.016,0.543,6.98e-7,0.247,0.001,-0.3,308.915,9.134e4
339.158,0.007,0.642,6.98e-7,0.247,0.001,-0.3,308.926,9.135e4
339.557,0.04,1.091,6.98e-7,0.247,0.002,-0.3,308.936,9.136e4
339.956,-0.056,0.253,6.98e-7,0.247,0.001,-0.3,308.947,9.138e4
340.356,0.007,0.423,6.98e-7,0.247,0.001,-0.3,308.958,9.139e4
340.564,-0.005,0.079,6.98e-7,0.247,0.001,-0.3,308.964,9.139e4
